{"table_key": {"_type": "table-file", "sha256": "ebac52a49aa09276eb46f7e80a8060a2d3050dfa537e8baeb25c4e3b00843fa4", "size": 51259, "artifact_path": "wandb-client-artifact://18844cpzk7qp5b16lfg6a5dmdifkillzbm1oe87cgb447pxmgb1qicfxcjz77xadutqewklki35f6ka37tct96u24wr1nf3i71kn2ylijvewclgk9shwrtoqr93qhxxv:latest/table_key.table.json", "_latest_artifact_path": "wandb-client-artifact://18844cpzk7qp5b16lfg6a5dmdifkillzbm1oe87cgb447pxmgb1qicfxcjz77xadutqewklki35f6ka37tct96u24wr1nf3i71kn2ylijvewclgk9shwrtoqr93qhxxv:latest/table_key.table.json", "path": "media/table/table_key_147_ebac52a49aa09276eb46.table.json", "ncols": 5, "nrows": 446}, "_timestamp": 1660306586, "_runtime": 436, "_step": 148, "learning rate/pg1": 0.0007438578621794872, "learning rate/pg2": 0.0007438578621794872, "trainer/global_step": 1663, "loss": 0.8289822340011597, "epoch": 7, "em_score": 0.06726457178592682, "f1_score": 0.17628365755081177, "_wandb": {"runtime": 437}}