{"table_key": {"_type": "table-file", "sha256": "0b3a20c9057dafdb88ea437268ca3a55045900e6524d998442c9f06efea42c18", "size": 607201, "artifact_path": "wandb-client-artifact://o3xfrnp2hi1794oohwaehg4dua2t28k55srv1pq241ljb8n7eiesvu16ze9mb3i09atwun7akx7ey0hioj83ykekl2hi147k4mojjdvw1cvf1fs4nuzrsh8f1nlokxbh:latest/table_key.table.json", "_latest_artifact_path": "wandb-client-artifact://o3xfrnp2hi1794oohwaehg4dua2t28k55srv1pq241ljb8n7eiesvu16ze9mb3i09atwun7akx7ey0hioj83ykekl2hi147k4mojjdvw1cvf1fs4nuzrsh8f1nlokxbh:latest/table_key.table.json", "path": "media/table/table_key_719_0b3a20c9057dafdb88ea.table.json", "ncols": 5, "nrows": 5037}, "_timestamp": 1660878170.1012826, "_runtime": 4433.981028556824, "_step": 720, "learning rate/pg1": 3.9999999999999996e-10, "learning rate/pg2": 3.9999999999999996e-10, "trainer/global_step": 16499, "loss": 0.720505952835083, "epoch": 29, "em_score": {"max": 0.04566210135817528}, "f1_score": {"max": 0.1312320977449417}, "_wandb": {"runtime": 4435}}