{"table_key": {"_type": "table-file", "sha256": "f7d677b94712015ae77f900589e20f591c4574f66c790cd366a86f2074e2a1eb", "size": 50067, "artifact_path": "wandb-client-artifact://gq6stz7numh3yq2c1s1jjlg9b4newhmz7ob8zmmsmy9g13850cgv5aa9cuf415gah0770h0zpz33i9m6vlaepazvyj4jz5brqodx6tf3euedmr2d4c6yfg9gxtculuta:latest/table_key.table.json", "_latest_artifact_path": "wandb-client-artifact://gq6stz7numh3yq2c1s1jjlg9b4newhmz7ob8zmmsmy9g13850cgv5aa9cuf415gah0770h0zpz33i9m6vlaepazvyj4jz5brqodx6tf3euedmr2d4c6yfg9gxtculuta:latest/table_key.table.json", "path": "media/table/table_key_277_f7d677b94712015ae77f.table.json", "ncols": 5, "nrows": 410}, "_timestamp": 1661511093.1541858, "_runtime": 845.7418868541718, "_step": 278, "learning rate/pg1": 4e-09, "learning rate/pg2": 1.2e-10, "trainer/global_step": 4449, "loss": 0.7136455774307251, "epoch": 49, "em_score": {"max": 0.06829268485307693}, "f1_score": {"max": 0.22135646641254425}, "_wandb": {"runtime": 846}}