{"table_key": {"_type": "table-file", "sha256": "37a5e8ef74572151fc01d379cdfdd216c071a4b2df8a8865c74ab261b810dcd3", "size": 46846, "artifact_path": "wandb-client-artifact://18l4esumtnyx2gocn28pqon4dzc2y6enbnd7nux3k3hner5d5lxcoqlwp1cc02wobz1ijt4oyq1drdh6hdwpgxpt8pd2ulgwnjbe2ke53fdl41m65mavt4qqidyxwd5z:latest/table_key.table.json", "_latest_artifact_path": "wandb-client-artifact://18l4esumtnyx2gocn28pqon4dzc2y6enbnd7nux3k3hner5d5lxcoqlwp1cc02wobz1ijt4oyq1drdh6hdwpgxpt8pd2ulgwnjbe2ke53fdl41m65mavt4qqidyxwd5z:latest/table_key.table.json", "path": "media/table/table_key_165_37a5e8ef74572151fc01.table.json", "ncols": 5, "nrows": 410}, "_timestamp": 1660945214.5031736, "_runtime": 402.7788236141205, "_step": 166, "learning rate/pg1": 2.8651304304302033e-05, "learning rate/pg2": 2.8651304304302033e-05, "trainer/global_step": 2669, "loss": 2.3777689933776855, "epoch": 29, "em_score": {"max": 0.007317073177546263}, "f1_score": {"max": 0.051701683551073074}, "_wandb": {"runtime": 402}}