{"table_key": {"_type": "table-file", "sha256": "90463e89e96a5ca9feb0dc9120375a937857fa5794cc5e794753bcb1fd8fa015", "size": 497910, "artifact_path": "wandb-client-artifact://4ruhgfhqko1jk09iv47klbr9z51aezntssslwf2gxpr8hkxfibk1tn9x48stw2m404l2vz1x338lo2be4acm13f2kv3nh9zpprgpeymf4nuibi22gym3idl6pzuu4dv7:latest/table_key.table.json", "_latest_artifact_path": "wandb-client-artifact://4ruhgfhqko1jk09iv47klbr9z51aezntssslwf2gxpr8hkxfibk1tn9x48stw2m404l2vz1x338lo2be4acm13f2kv3nh9zpprgpeymf4nuibi22gym3idl6pzuu4dv7:latest/table_key.table.json", "path": "media/table/table_key_395_90463e89e96a5ca9feb0.table.json", "ncols": 5, "nrows": 4124}, "_timestamp": 1661867895.132195, "_runtime": 4543.3082020282745, "_step": 396, "learning rate/pg1": 1.0480272873146615e-07, "learning rate/pg2": 1.0480272873146615e-07, "trainer/global_step": 8939, "loss": 0.16308574378490448, "epoch": 19, "em_score": {"max": 0.053831230849027634}, "f1_score": {"max": 0.17477917671203613}, "_wandb": {"runtime": 4543}}