{"table_key": {"_type": "table-file", "sha256": "8715904ef26290471e34afd174e89f12413e3882e0195dae76636fa564a67092", "size": 50590, "artifact_path": "wandb-client-artifact://1vvgpmhjw4hz780zu2ec0xyvseijjwipv3xotgk4e9e7jy4iho2soyzpkx1yow2fafg8nqufnr5cw9cdne3t3baa3qlwjmg4dnynlns8znrs903un94zm8ndc53g1c03:latest/table_key.table.json", "_latest_artifact_path": "wandb-client-artifact://1vvgpmhjw4hz780zu2ec0xyvseijjwipv3xotgk4e9e7jy4iho2soyzpkx1yow2fafg8nqufnr5cw9cdne3t3baa3qlwjmg4dnynlns8znrs903un94zm8ndc53g1c03:latest/table_key.table.json", "path": "media/table/table_key_277_8715904ef26290471e34.table.json", "ncols": 5, "nrows": 410}, "_timestamp": 1661544167.7271, "_runtime": 847.2655799388885, "_step": 278, "learning rate/pg1": 4e-08, "learning rate/pg2": 4e-08, "trainer/global_step": 4449, "loss": 1.9356400966644287, "epoch": 49, "em_score": {"max": 0.039024390280246735}, "f1_score": {"max": 0.21472428739070892}, "_wandb": {"runtime": 847}}