{"table_key": {"_type": "table-file", "sha256": "946d1e42d3b2e9fd714d2ab239daedf6c471680830a925e43587008bb40a9386", "size": 50106, "artifact_path": "wandb-client-artifact://16pr8eaisolga0b1ogg9ixs19d946exas60bfrtx8t6fkvych7mcj46o07g4v1s5eh71qsmyb7zc77jmyovhxb4g83aqp1f5i45ok6yiez791cl5fpom1hc1t8j7gbuq:latest/table_key.table.json", "_latest_artifact_path": "wandb-client-artifact://16pr8eaisolga0b1ogg9ixs19d946exas60bfrtx8t6fkvych7mcj46o07g4v1s5eh71qsmyb7zc77jmyovhxb4g83aqp1f5i45ok6yiez791cl5fpom1hc1t8j7gbuq:latest/table_key.table.json", "path": "media/table/table_key_165_946d1e42d3b2e9fd714d.table.json", "ncols": 5, "nrows": 410}, "_timestamp": 1660874750.4885814, "_runtime": 509.6215853691101, "_step": 166, "learning rate/pg1": 2.865130430430203e-07, "learning rate/pg2": 2.865130430430203e-07, "trainer/global_step": 2669, "loss": 0.05655616149306297, "epoch": 29, "em_score": {"max": 0.07804878056049347}, "f1_score": {"max": 0.18185703456401825}, "_wandb": {"runtime": 510}}