{"learning rate/pg1": 0.000666451331296377, "learning rate/pg2": 0.000666451331296377, "trainer/global_step": 299, "_timestamp": 1659697720, "_runtime": 131, "_step": 23, "loss": 1.6304452419281006, "epoch": 1}