{"table_key": {"_type": "table-file", "sha256": "e46c7f47c3875aa73a2553c21bdb3b2aa9bcd6670a110f6f69428d1567066320", "size": 50763, "artifact_path": "wandb-client-artifact://kao4a6i9vnj7rvrbkicsl7dquvf3se7c1pe0mgvee6jn94erjbuvwga42bxsm58a71hjdlx1evnbptavi2jw0sy4zh3s8rx2jkd1sujrt2nmcvezv9kkvsunp1jz4k5k:latest/table_key.table.json", "_latest_artifact_path": "wandb-client-artifact://kao4a6i9vnj7rvrbkicsl7dquvf3se7c1pe0mgvee6jn94erjbuvwga42bxsm58a71hjdlx1evnbptavi2jw0sy4zh3s8rx2jkd1sujrt2nmcvezv9kkvsunp1jz4k5k:latest/table_key.table.json", "path": "media/table/table_key_111_e46c7f47c3875aa73a25.table.json", "ncols": 5, "nrows": 410}, "_timestamp": 1660875651.713001, "_runtime": 422.7390880584717, "_step": 112, "em_score": {"max": 0.07804878056049347}, "f1_score": {"max": 0.19886931777000427}, "epoch": 29, "trainer/global_step": 1319, "learning rate/pg1": 1.1595445988449453e-06, "learning rate/pg2": 1.1595445988449453e-06, "loss": 0.23551896214485168, "_wandb": {"runtime": 423}}