{"table_key": {"_type": "table-file", "sha256": "f4fd33fb8a803b1f5983aacfab2b65183b8ad443d9d547fdaed20852adb2367e", "size": 54506, "artifact_path": "wandb-client-artifact://17hnrtf1xnqftpj2cu2ra47asl0pvf6i7ewv61h58ihzerm19pctsyhbo3z1kd6inglungjdtqjr0ewnv63b0nbys2w7rpyakb0gxjlp8dhfkg1k7e8iujslimi22ptr:latest/table_key.table.json", "_latest_artifact_path": "wandb-client-artifact://17hnrtf1xnqftpj2cu2ra47asl0pvf6i7ewv61h58ihzerm19pctsyhbo3z1kd6inglungjdtqjr0ewnv63b0nbys2w7rpyakb0gxjlp8dhfkg1k7e8iujslimi22ptr:latest/table_key.table.json", "path": "media/table/table_key_137_f4fd33fb8a803b1f5983.table.json", "ncols": 5, "nrows": 455}, "_timestamp": 1660649200, "_runtime": 571, "_step": 138, "em_score": 0.05494505539536476, "f1_score": 0.14568586647510529, "epoch": 29, "trainer/global_step": 1019, "learning rate/pg1": 0.000744408796479648, "learning rate/pg2": 0.000744408796479648, "loss": 0.38729336857795715, "_wandb": {"runtime": 572}}