{"table_key": {"_type": "table-file", "sha256": "0fac5131ad37b49ae0655cee033ffbbbd1d1d22fc2473ca70783e1df8ea96b6f", "size": 50317, "artifact_path": "wandb-client-artifact://fyixwt3umxiaubb21pztqqvta44u824emmoi20tw3i05w1xz4oa6mlvnq1gyljexdhg5ovn7r2u1lb6rojvbsgjmd06lg3bq2mfte5jyioxvw421pxun4z97mobgmzd6:latest/table_key.table.json", "_latest_artifact_path": "wandb-client-artifact://fyixwt3umxiaubb21pztqqvta44u824emmoi20tw3i05w1xz4oa6mlvnq1gyljexdhg5ovn7r2u1lb6rojvbsgjmd06lg3bq2mfte5jyioxvw421pxun4z97mobgmzd6:latest/table_key.table.json", "path": "media/table/table_key_203_0fac5131ad37b49ae065.table.json", "ncols": 5, "nrows": 410}, "_timestamp": 1660299785, "_runtime": 705, "_step": 204, "learning rate/pg1": 0.0007481620603948897, "learning rate/pg2": 0.0007481620603948897, "trainer/global_step": 2291, "loss": 0.5517653226852417, "epoch": 11, "em_score": 0.07804878056049347, "f1_score": 0.17968489229679108, "_wandb": {"runtime": 704}}