{"table_key": {"_type": "table-file", "sha256": "380c879d73f86d045376484834f3375af36694295f05ccfd88aaa8ecd51f4935", "size": 50099, "artifact_path": "wandb-client-artifact://138fvi7oufa1u20t2cj7c8y0nw2ms66c2i4abyzki0htn6g09e5jns0bclbdcms1nbeyjhpbnqc60jzz1hr35056em65lj12h9n5u2df8abi09jsx7ut2mvm5e703kvi:latest/table_key.table.json", "_latest_artifact_path": "wandb-client-artifact://138fvi7oufa1u20t2cj7c8y0nw2ms66c2i4abyzki0htn6g09e5jns0bclbdcms1nbeyjhpbnqc60jzz1hr35056em65lj12h9n5u2df8abi09jsx7ut2mvm5e703kvi:latest/table_key.table.json", "path": "media/table/table_key_165_380c879d73f86d045376.table.json", "ncols": 5, "nrows": 410}, "_timestamp": 1660896524.6504188, "_runtime": 499.1809458732605, "_step": 166, "learning rate/pg1": 2.8651304304302033e-06, "learning rate/pg2": 2.8651304304302033e-06, "trainer/global_step": 2669, "loss": 0.13352859020233154, "epoch": 29, "em_score": {"max": 0.07804878056049347}, "f1_score": {"max": 0.20633412897586823}, "_wandb": {"runtime": 503}}