{"table_key": {"_type": "table-file", "sha256": "af72a651742610031697b0723d13f7a7fc9885b0469caf819553e1bf0cc304c6", "size": 51071, "artifact_path": "wandb-client-artifact://zufwqniq4rzchyg5wwrqvmrz9oyxzc8xzw4tabw7og74j25lgx5uw8a214ehjs0o93612ayxo88ievkeyp3nxsi1c2bg94fc1tkf5qblo7epu48lsau6kqqk1xk5rt1k:latest/table_key.table.json", "_latest_artifact_path": "wandb-client-artifact://zufwqniq4rzchyg5wwrqvmrz9oyxzc8xzw4tabw7og74j25lgx5uw8a214ehjs0o93612ayxo88ievkeyp3nxsi1c2bg94fc1tkf5qblo7epu48lsau6kqqk1xk5rt1k:latest/table_key.table.json", "path": "media/table/table_key_277_af72a651742610031697.table.json", "ncols": 5, "nrows": 410}, "_timestamp": 1661502723.1175182, "_runtime": 1427.7309231758118, "_step": 278, "learning rate/pg1": 4e-08, "learning rate/pg2": 1.2e-10, "trainer/global_step": 4449, "loss": 1.1898592710494995, "epoch": 49, "em_score": {"max": 0.08048780262470245}, "f1_score": {"max": 0.22193543612957}, "_wandb": {"runtime": 1463}}