{"table_key": {"_type": "table-file", "sha256": "5ecc6139769f321a90610e95a5de1d65e4c7db0353fd81ac17e8a4136be3e291", "size": 50523, "artifact_path": "wandb-client-artifact://hjyzvled0vv1oljanhejo2v60iyzy0o5flk7vvkuxw3vw4gkmptgcv5tpuhkyo01yud5ugkrhmw72niaks91o6z3g7f0odgkei8qvn3pprumoyuocrwq3dxdmatoneqc:latest/table_key.table.json", "_latest_artifact_path": "wandb-client-artifact://hjyzvled0vv1oljanhejo2v60iyzy0o5flk7vvkuxw3vw4gkmptgcv5tpuhkyo01yud5ugkrhmw72niaks91o6z3g7f0odgkei8qvn3pprumoyuocrwq3dxdmatoneqc:latest/table_key.table.json", "path": "media/table/table_key_665_5ecc6139769f321a9061.table.json", "ncols": 5, "nrows": 410}, "_timestamp": 1661430294.262188, "_runtime": 1958.4401030540466, "_step": 666, "learning rate/pg1": 4.3731612306534884e-08, "learning rate/pg2": 4.3731612306534884e-08, "trainer/global_step": 10679, "loss": 1.7721266746520996, "epoch": 119, "em_score": {"max": 0.07073170691728592}, "f1_score": {"max": 0.22948214411735535}, "_wandb": {"runtime": 1958}}