{"table_key": {"_type": "table-file", "sha256": "2d81592f764f1c33efeb04eabd044e8293098669c18b995de57a490df6ae3dcb", "size": 604660, "artifact_path": "wandb-client-artifact://10n3lmehyfny12pxv2awlttmq5yd7hb7v6c2k88w2ro29gir60c51wc92exrgd4mrg0l8iakxgovksp5zwsr5m6oqe97x07fc5r82pce21fmilnouvp66oezdfcpf30s:latest/table_key.table.json", "_latest_artifact_path": "wandb-client-artifact://10n3lmehyfny12pxv2awlttmq5yd7hb7v6c2k88w2ro29gir60c51wc92exrgd4mrg0l8iakxgovksp5zwsr5m6oqe97x07fc5r82pce21fmilnouvp66oezdfcpf30s:latest/table_key.table.json", "path": "media/table/table_key_367_2d81592f764f1c33efeb.table.json", "ncols": 5, "nrows": 5037}, "_timestamp": 1660909049.5058577, "_runtime": 1523.98383975029, "_step": 368, "learning rate/pg1": 1.2e-08, "learning rate/pg2": 1.2e-08, "trainer/global_step": 8799, "loss": 0.2523794174194336, "epoch": 7, "em_score": {"max": 0.06650783866643906}, "f1_score": {"max": 0.17183397710323334}, "_wandb": {"runtime": 1524}}