{"learning rate/pg1": 0.0005739749180475775, "learning rate/pg2": 0.0005739749180475775, "trainer/global_step": 3699, "_timestamp": 1659240865, "_runtime": 1139, "_step": 295, "loss": 1.6357160806655884, "epoch": 1}