{"table_key": {"_type": "table-file", "sha256": "4cf15f9cc4932913a53798cc7ead6d7e2c31014fb2eed36ca3db482319655cb0", "size": 598511, "artifact_path": "wandb-client-artifact://12qjugcpsx2d7h6mjvh2h3ird45lceir9bvqhzcnq0p8eqycqqktaep7g3sq47wak4hmbifaatcsbsdgluoz6srgd1luwhx08cqfxgephud4nhnc619atc7h451ogc1h:latest/table_key.table.json", "_latest_artifact_path": "wandb-client-artifact://12qjugcpsx2d7h6mjvh2h3ird45lceir9bvqhzcnq0p8eqycqqktaep7g3sq47wak4hmbifaatcsbsdgluoz6srgd1luwhx08cqfxgephud4nhnc619atc7h451ogc1h:latest/table_key.table.json", "path": "media/table/table_key_1011_4cf15f9cc4932913a537.table.json", "ncols": 5, "nrows": 5037}, "_timestamp": 1661422149.1614065, "_runtime": 17862.304966449738, "_step": 1014, "learning rate/pg1": 0.0009224184721799772, "learning rate/pg2": 0.0009224184721799772, "trainer/global_step": 24249, "loss": 2.261953353881836, "epoch": 22, "em_score": {"max": 0.040301766246557236}, "f1_score": {"max": 0.1779061257839203}}