{"table_key": {"_type": "table-file", "sha256": "ed04353eb7a8d4623472cd26476366834b646cd9ea348046b6ce4e9a05f69e4b", "size": 67138, "artifact_path": "wandb-client-artifact://s92br6eetzf4oqwe28pob278sxagnffpf0lht1pw650bxkog63ngcz0zfu33wbp36d2s17mamhghzrjfkdjr6q5lrbcv00enggkhzaz8wr4dsc5wz4bwmnr80r6k3sqc:latest/table_key.table.json", "_latest_artifact_path": "wandb-client-artifact://s92br6eetzf4oqwe28pob278sxagnffpf0lht1pw650bxkog63ngcz0zfu33wbp36d2s17mamhghzrjfkdjr6q5lrbcv00enggkhzaz8wr4dsc5wz4bwmnr80r6k3sqc:latest/table_key.table.json", "path": "media/table/table_key_499_ed04353eb7a8d4623472.table.json", "ncols": 5, "nrows": 410}, "_timestamp": 1661932198.9674814, "_runtime": 1858.762969493866, "_step": 500, "learning rate/pg1": 1.1848303126162098e-08, "learning rate/pg2": 1.1848303126162098e-08, "trainer/global_step": 8009, "loss": 0.011939514428377151, "epoch": 89, "em_score": {"max": 0.012195121496915817}, "f1_score": {"max": 0.1826673001050949}, "_wandb": {"runtime": 1858}}