{"table_key": {"_type": "table-file", "sha256": "b0e24a56f04cd9e9e8037413fea7b153f0bacbd60a58a34dc2f58340531e4c40", "size": 56234, "artifact_path": "wandb-client-artifact://lmhl5uemmspc1uc0e1usrygrbiobl534ho6xuogq1um6r5jvjxvxgkyuu16haygh6lv1v43hedlr8jauoiuaxpu6ow6a9vo8yjw9i3ind956u4drg1x4ihdl4m3x9xc2:latest/table_key.table.json", "_latest_artifact_path": "wandb-client-artifact://lmhl5uemmspc1uc0e1usrygrbiobl534ho6xuogq1um6r5jvjxvxgkyuu16haygh6lv1v43hedlr8jauoiuaxpu6ow6a9vo8yjw9i3ind956u4drg1x4ihdl4m3x9xc2:latest/table_key.table.json", "path": "media/table/table_key_138_b0e24a56f04cd9e9e803.table.json", "ncols": 5, "nrows": 469}, "_timestamp": 1660648565, "_runtime": 545, "_step": 139, "em_score": 0.051172707229852676, "f1_score": 0.13963454961776733, "epoch": 29, "trainer/global_step": 1019, "learning rate/pg1": 0.0007480039128540306, "learning rate/pg2": 0.0007480039128540306, "loss": 0.5292750000953674, "_wandb": {"runtime": 546}}