{"table_key": {"_type": "table-file", "sha256": "eb64c715861695ee87b5a1202d170409ee8beb84656d0cd129262553ee626f98", "size": 46575, "artifact_path": "wandb-client-artifact://12nnoc85urjwti39pj2qppbygr68kxe5fnnv1lpqa5j0de8owti1t55cvrncbrfgxou2vw5mlnyvs83oqp9gl1lvxo44vk3ovft18e7502tjug76yieyyeg5m5mukryc:latest/table_key.table.json", "_latest_artifact_path": "wandb-client-artifact://12nnoc85urjwti39pj2qppbygr68kxe5fnnv1lpqa5j0de8owti1t55cvrncbrfgxou2vw5mlnyvs83oqp9gl1lvxo44vk3ovft18e7502tjug76yieyyeg5m5mukryc:latest/table_key.table.json", "path": "media/table/table_key_135_eb64c715861695ee87b5.table.json", "ncols": 5, "nrows": 410}, "_timestamp": 1660300287, "_runtime": 452, "_step": 136, "learning rate/pg1": 0.0007481620603948897, "learning rate/pg2": 0.0007481620603948897, "trainer/global_step": 1527, "loss": 0.5987459421157837, "epoch": 7, "em_score": 0.0585365854203701, "f1_score": 0.1781185120344162, "_wandb": {"runtime": 452}}