{"table_key": {"_type": "table-file", "sha256": "cbffb8818b2c74e8de351f33e5924210c197530d7dea11a2959c21ea6a519c25", "size": 46882, "artifact_path": "wandb-client-artifact://ojq1fzlfef1vjq6yw330zqb3n50kf99py1na4yoehmpy4hyf6z33zgkwwm5q60e1iu4thdbvq0hwqyc2re1emmrubhq1g3wpbidahx19kzhexrl6aohv2uaqnjjyzzii:latest/table_key.table.json", "_latest_artifact_path": "wandb-client-artifact://ojq1fzlfef1vjq6yw330zqb3n50kf99py1na4yoehmpy4hyf6z33zgkwwm5q60e1iu4thdbvq0hwqyc2re1emmrubhq1g3wpbidahx19kzhexrl6aohv2uaqnjjyzzii:latest/table_key.table.json", "path": "media/table/table_key_135_cbffb8818b2c74e8de35.table.json", "ncols": 5, "nrows": 410}, "_timestamp": 1660300799, "_runtime": 506, "_step": 136, "learning rate/pg1": 0.0007481620603948897, "learning rate/pg2": 0.0007481620603948897, "trainer/global_step": 1527, "loss": 0.5363994240760803, "epoch": 7, "em_score": 0.0585365854203701, "f1_score": 0.1742437183856964, "_wandb": {"runtime": 506}}