{"table_key": {"_type": "table-file", "sha256": "d9c45ee83c08eae1df75e32e8c343531dfed7e37fc5f6b9ca073cc764be535a8", "size": 50468, "artifact_path": "wandb-client-artifact://4s2xd0ahaubmdn9lzqxeos0nm7759tws12baltuentfkpyljn5c6t4z24r9rw103rawezr0sioikv0ns2616g1tr29r3de4e2bsn59hmqh8vmxko5lzr58ahz9o8bi6q:latest/table_key.table.json", "_latest_artifact_path": "wandb-client-artifact://4s2xd0ahaubmdn9lzqxeos0nm7759tws12baltuentfkpyljn5c6t4z24r9rw103rawezr0sioikv0ns2616g1tr29r3de4e2bsn59hmqh8vmxko5lzr58ahz9o8bi6q:latest/table_key.table.json", "path": "media/table/table_key_165_d9c45ee83c08eae1df75.table.json", "ncols": 5, "nrows": 410}, "_timestamp": 1660892127.125936, "_runtime": 514.3914790153503, "_step": 166, "learning rate/pg1": 2.865130430430203e-07, "learning rate/pg2": 2.865130430430203e-07, "trainer/global_step": 2669, "loss": 0.09290236979722977, "epoch": 29, "em_score": {"max": 0.06829268485307693}, "f1_score": {"max": 0.1764361560344696}, "_wandb": {"runtime": 520}}