{"table_key": {"_type": "table-file", "sha256": "f6127c7d218a87970d745d3673df98b84a246dde46a4077d1bb4251e221cbd84", "size": 50668, "artifact_path": "wandb-client-artifact://1dsbg8l2abvcbow23pfwhg47jk1ka60i4sb2rv4vnclteapizzozy4p1ndj79sruzq62kswmw9srl0yn9nvr5jfrq68gws2tt6mru1impg61hbonk8swjmachcn5pcyh:latest/table_key.table.json", "_latest_artifact_path": "wandb-client-artifact://1dsbg8l2abvcbow23pfwhg47jk1ka60i4sb2rv4vnclteapizzozy4p1ndj79sruzq62kswmw9srl0yn9nvr5jfrq68gws2tt6mru1impg61hbonk8swjmachcn5pcyh:latest/table_key.table.json", "path": "media/table/table_key_165_f6127c7d218a87970d74.table.json", "ncols": 5, "nrows": 410}, "_timestamp": 1661987815.2429464, "_runtime": 554.8947803974152, "_step": 166, "learning rate/pg1": 2.8651304304302033e-08, "learning rate/pg2": 2.8651304304302033e-08, "trainer/global_step": 2669, "loss": 0.7793301343917847, "epoch": 29, "em_score": {"max": 0.07560975849628448}, "f1_score": {"max": 0.2042398750782013}, "_wandb": {"runtime": 560}}