{"table_key": {"_type": "table-file", "sha256": "27100349b74a13ac4b0493a30a402fbf02e9aa67d9b4752c9a943d5df43e2644", "size": 606481, "artifact_path": "wandb-client-artifact://eru34vzr2rhpel2mt6xznac1qxt7l2epmid1z4rt2ju68qgzsaxi1cijzydm4qxkc6q414nem5kikt26siobfdzu54b183c0zq43o5rxm42bc4af22i0r3pvaktgkf1m:latest/table_key.table.json", "_latest_artifact_path": "wandb-client-artifact://eru34vzr2rhpel2mt6xznac1qxt7l2epmid1z4rt2ju68qgzsaxi1cijzydm4qxkc6q414nem5kikt26siobfdzu54b183c0zq43o5rxm42bc4af22i0r3pvaktgkf1m:latest/table_key.table.json", "path": "media/table/table_key_1379_27100349b74a13ac4b04.table.json", "ncols": 5, "nrows": 5037}, "_timestamp": 1660879168.840435, "_runtime": 5807.1809639930725, "_step": 1380, "learning rate/pg1": 3.9999999999999996e-10, "learning rate/pg2": 3.9999999999999996e-10, "trainer/global_step": 32999, "loss": 0.30512306094169617, "epoch": 29, "em_score": {"max": 0.06849315017461777}, "f1_score": {"max": 0.18414568901062012}, "_wandb": {"runtime": 5807}}