{"table_key": {"_type": "table-file", "sha256": "d34de3f16d372f91df37811506db7faa35d13de989c3ac056788dd5e6248dbf1", "size": 53198, "artifact_path": "wandb-client-artifact://10rgrcl5k7gco8noe9ugynsgaf2cu9vx7dmzwazzu0tq3u54fib9t6c6m18xmh32uf3duacqdwzjeb4deb1sl290piegiygpakq3k24ovn3dfk9sssqkt0osktqsraqc:latest/table_key.table.json", "_latest_artifact_path": "wandb-client-artifact://10rgrcl5k7gco8noe9ugynsgaf2cu9vx7dmzwazzu0tq3u54fib9t6c6m18xmh32uf3duacqdwzjeb4deb1sl290piegiygpakq3k24ovn3dfk9sssqkt0osktqsraqc:latest/table_key.table.json", "path": "media/table/table_key_215_d34de3f16d372f91df37.table.json", "ncols": 5, "nrows": 431}, "_timestamp": 1660304965, "_runtime": 632, "_step": 216, "learning rate/pg1": 0.0007431945518763797, "learning rate/pg2": 0.0007431945518763797, "trainer/global_step": 2411, "loss": 0.7104333639144897, "epoch": 11, "em_score": 0.06496519595384598, "f1_score": 0.1521216481924057, "_wandb": {"runtime": 632}}