{"table_key": {"_type": "table-file", "sha256": "4cb368131ffbf9a49f3d4af0ca21d53d978e5fa0f75759602874a2b1e8f21017", "size": 11684, "artifact_path": "wandb-client-artifact://psra8qn47f6z0fx9xsadad6gf5pnl9l27z5r214krqbwy5aapp8k1m1jo640h35okbgauxhae840woziaexznm87mky0flts0zk480pkvacze12zod4eaifi3qesjatc:latest/table_key.table.json", "_latest_artifact_path": "wandb-client-artifact://psra8qn47f6z0fx9xsadad6gf5pnl9l27z5r214krqbwy5aapp8k1m1jo640h35okbgauxhae840woziaexznm87mky0flts0zk480pkvacze12zod4eaifi3qesjatc:latest/table_key.table.json", "path": "media/table/table_key_0_4cb368131ffbf9a49f3d.table.json", "ncols": 5, "nrows": 64}, "_timestamp": 1661930112.1327991, "_runtime": 35.76765513420105, "_step": 2, "learning rate/pg1": 4.098539077318584e-05, "learning rate/pg2": 4.098539077318584e-05, "trainer/global_step": 49, "loss": 27.013198852539062, "epoch": 0}