{"table_key": {"_type": "table-file", "sha256": "c57390ee3a13aab05c738c3468c42fe2b7205fc1ccfc201e3799dd4a327aa2ca", "size": 58338, "artifact_path": "wandb-client-artifact://bbz49hikoxdmshh308shv10kldklh7qx0r6ju5wjiby84nhzctshrc92opl0t9nvcqkpm237ttkj4rybc9s1up4ffosq2eqnfj8easjoar3w40541yiucwzmqopy9hs6:latest/table_key.table.json", "_latest_artifact_path": "wandb-client-artifact://bbz49hikoxdmshh308shv10kldklh7qx0r6ju5wjiby84nhzctshrc92opl0t9nvcqkpm237ttkj4rybc9s1up4ffosq2eqnfj8easjoar3w40541yiucwzmqopy9hs6:latest/table_key.table.json", "path": "media/table/table_key_151_c57390ee3a13aab05c73.table.json", "ncols": 5, "nrows": 479}, "_timestamp": 1660651141, "_runtime": 513, "_step": 152, "learning rate/pg1": 7.467431255144033e-05, "learning rate/pg2": 7.467431255144033e-05, "trainer/global_step": 1727, "loss": 1.1139041185379028, "epoch": 7, "em_score": 0.0709812119603157, "f1_score": 0.19714532792568207, "_wandb": {"runtime": 513}}