{"table_key": {"_type": "table-file", "sha256": "cfd8242b570fb895acbc3013dec99987e9f561b418f2b29c64b862a73014322f", "size": 51117, "artifact_path": "wandb-client-artifact://2ce9k7670a5tu8sm47xtszv2vxx0vdwtti2thgjl8u5a2nv7o4zl39lnmfr5x25oyep2fc5iz0zx7tcpdukkf85n02hp806rbfw96686ii6nkwybbe0x51qec2x1dgze:latest/table_key.table.json", "_latest_artifact_path": "wandb-client-artifact://2ce9k7670a5tu8sm47xtszv2vxx0vdwtti2thgjl8u5a2nv7o4zl39lnmfr5x25oyep2fc5iz0zx7tcpdukkf85n02hp806rbfw96686ii6nkwybbe0x51qec2x1dgze:latest/table_key.table.json", "path": "media/table/table_key_665_cfd8242b570fb895acbc.table.json", "ncols": 5, "nrows": 410}, "_timestamp": 1661496631.686374, "_runtime": 2189.3014419078827, "_step": 666, "learning rate/pg1": 4.3731612306534885e-09, "learning rate/pg2": 4.3731612306534885e-09, "trainer/global_step": 10679, "loss": 2.0820529460906982, "epoch": 119, "em_score": {"max": 0.04146341606974602}, "f1_score": {"max": 0.21685491502285004}, "_wandb": {"runtime": 2189}}