{"table_key": {"_type": "table-file", "sha256": "b2961cc963fc4a9e1d648bd6786f1b8de284027263e708f8a517b4cfcca900f5", "size": 50746, "artifact_path": "wandb-client-artifact://hxajbz9f6ywk5bbrhp8d8m1ei4v5ff0f7f99lic0oh7wsryfstq92342ra11un67bxg6edmp261youmxq2ij97b5xw9xg8kc85f6qc80bvgt8isy874rob4z41nvurw7:latest/table_key.table.json", "_latest_artifact_path": "wandb-client-artifact://hxajbz9f6ywk5bbrhp8d8m1ei4v5ff0f7f99lic0oh7wsryfstq92342ra11un67bxg6edmp261youmxq2ij97b5xw9xg8kc85f6qc80bvgt8isy874rob4z41nvurw7:latest/table_key.table.json", "path": "media/table/table_key_187_b2961cc963fc4a9e1d64.table.json", "ncols": 5, "nrows": 410}, "_timestamp": 1661504460.7268596, "_runtime": 1772.1452345848083, "_step": 188, "em_score": {"max": 0.043902438133955}, "f1_score": {"max": 0.21213582158088684}, "epoch": 49, "trainer/global_step": 2199, "learning rate/pg1": 4e-08, "learning rate/pg2": 4e-08, "loss": 1.7306938171386719, "_wandb": {"runtime": 1827}}