{"table_key": {"_type": "table-file", "sha256": "d2bfeb1e97c5f14fedb4507b1b7ed0c79554e416874d35581099fda71e9d1601", "size": 51014, "artifact_path": "wandb-client-artifact://gdjr4ypvfsvdk5f32hx6yqxqh3id2wn657h7124i2w911q2gsqjy6gx3yota6ofk2bhia2nsa4izciqkldeviiqx4vymvle6o1nrrknh9hgt7jy3qk5gtv2dzne82emh:latest/table_key.table.json", "_latest_artifact_path": "wandb-client-artifact://gdjr4ypvfsvdk5f32hx6yqxqh3id2wn657h7124i2w911q2gsqjy6gx3yota6ofk2bhia2nsa4izciqkldeviiqx4vymvle6o1nrrknh9hgt7jy3qk5gtv2dzne82emh:latest/table_key.table.json", "path": "media/table/table_key_43_d2bfeb1e97c5f14fedb4.table.json", "ncols": 5, "nrows": 410}, "_timestamp": 1661426408.8745096, "_runtime": 164.7606656551361, "_step": 48, "learning rate/pg1": 0.00018000666308801518, "learning rate/pg2": 0.00018000666308801518, "trainer/global_step": 799, "loss": 4.302042007446289, "epoch": 8, "em_score": {"max": 0.004878048785030842}, "f1_score": {"max": 0.09333091974258423}}