{"table_key": {"_type": "table-file", "sha256": "d50c9201eec238d7459608eb8ec6ad658ab1875088a3e9c445d063a89ddfea3f", "size": 599757, "artifact_path": "wandb-client-artifact://w0hxcs89rssslj7u33tburttj8xk3d2ngqkq01x3vdpak1o91q8xihztkb0hs17ppz4pey93izj6hxs1fv1mx7y2zadtp3v22rsreo3xbp6niadljn8kgt0qeenuy1jm:latest/table_key.table.json", "_latest_artifact_path": "wandb-client-artifact://w0hxcs89rssslj7u33tburttj8xk3d2ngqkq01x3vdpak1o91q8xihztkb0hs17ppz4pey93izj6hxs1fv1mx7y2zadtp3v22rsreo3xbp6niadljn8kgt0qeenuy1jm:latest/table_key.table.json", "path": "media/table/table_key_2299_d50c9201eec238d74596.table.json", "ncols": 5, "nrows": 5037}, "_timestamp": 1661541434.5878253, "_runtime": 19126.087829351425, "_step": 2300, "learning rate/pg1": 4e-08, "learning rate/pg2": 3.9999999999999996e-10, "trainer/global_step": 54999, "loss": 0.08366867154836655, "epoch": 49, "em_score": {"max": 0.05400039628148079}, "f1_score": {"max": 0.17153897881507874}, "_wandb": {"runtime": 19129}}