{"table_key": {"_type": "table-file", "sha256": "2821d028c4165e596f7c5086fb3289aeb3f8cd0e926bee2d067e7f6c6723394b", "size": 50228, "artifact_path": "wandb-client-artifact://11l80lqse2zfhbac7p9tzuhjogbpp9d3t8x92f20e5svhvd3j604puppmvo0h8qarar2jyw2ztnnjpcbd2gvihgolnxptbxxbot8l1zqdsg1g1lmnl9ju2531othk7ej:latest/table_key.table.json", "_latest_artifact_path": "wandb-client-artifact://11l80lqse2zfhbac7p9tzuhjogbpp9d3t8x92f20e5svhvd3j604puppmvo0h8qarar2jyw2ztnnjpcbd2gvihgolnxptbxxbot8l1zqdsg1g1lmnl9ju2531othk7ej:latest/table_key.table.json", "path": "media/table/table_key_165_2821d028c4165e596f7c.table.json", "ncols": 5, "nrows": 410}, "_timestamp": 1660893712.0357094, "_runtime": 537.0273892879486, "_step": 166, "learning rate/pg1": 8.595391291290609e-07, "learning rate/pg2": 8.595391291290609e-07, "trainer/global_step": 2669, "loss": 0.056020889431238174, "epoch": 29, "em_score": {"max": 0.07560975849628448}, "f1_score": {"max": 0.19372627139091492}, "_wandb": {"runtime": 541}}