{"table_key": {"_type": "table-file", "sha256": "3e965e648510a9c60306208a0114ca1dc7ff2461c750f093fa41404a95aede9d", "size": 57281, "artifact_path": "wandb-client-artifact://knrzywvovo9v3nsqyw50vwcgmuwlg3d0h7s7algnouwru5wue94a8knb39pnp5nqwx0mcnjqlij3g4nlsq58jdlbxb8dztqri9j24mab8buxpb1utg0ked2r2isw1qbx:latest/table_key.table.json", "_latest_artifact_path": "wandb-client-artifact://knrzywvovo9v3nsqyw50vwcgmuwlg3d0h7s7algnouwru5wue94a8knb39pnp5nqwx0mcnjqlij3g4nlsq58jdlbxb8dztqri9j24mab8buxpb1utg0ked2r2isw1qbx:latest/table_key.table.json", "path": "media/table/table_key_151_3e965e648510a9c60306.table.json", "ncols": 5, "nrows": 469}, "_timestamp": 1660650602, "_runtime": 500, "_step": 152, "learning rate/pg1": 7.461799608449252e-05, "learning rate/pg2": 7.461799608449252e-05, "trainer/global_step": 1727, "loss": 1.8996694087982178, "epoch": 7, "em_score": 0.06609807908535004, "f1_score": 0.19366510212421417, "_wandb": {"runtime": 500}}