{"table_key": {"_type": "table-file", "sha256": "41e45020c2118ae8fc68bf1eb0040ffc70738aa5d0aab7db4a8c2b76e2de55da", "size": 499623, "artifact_path": "wandb-client-artifact://ovh16ddxtb2cy6dqsjunqy539d9fejasaz5gfcvcmzdvve34v98v0fzrj35b65wqadp4ztpfbtvavdrs4y1zmxkqao8tuc4eiefo2zuv3egr9fbv4angqxqdamhgxw5p:latest/table_key.table.json", "_latest_artifact_path": "wandb-client-artifact://ovh16ddxtb2cy6dqsjunqy539d9fejasaz5gfcvcmzdvve34v98v0fzrj35b65wqadp4ztpfbtvavdrs4y1zmxkqao8tuc4eiefo2zuv3egr9fbv4angqxqdamhgxw5p:latest/table_key.table.json", "path": "media/table/table_key_395_41e45020c2118ae8fc68.table.json", "ncols": 5, "nrows": 4124}, "_timestamp": 1661796896.2286825, "_runtime": 9837.631919622421, "_step": 396, "learning rate/pg1": 1.0480272873146617e-06, "learning rate/pg2": 3.1440818619439845e-08, "trainer/global_step": 8939, "loss": 1.8370023965835571, "epoch": 19, "em_score": {"max": 0.0341901071369648}, "f1_score": {"max": 0.17862871289253235}, "_wandb": {"runtime": 9840}}