{"table_key": {"_type": "table-file", "sha256": "e593232592b0f4d6b140a9d26dcf419db05da206720e913d5b873f013b217a98", "size": 49591, "artifact_path": "wandb-client-artifact://w01sn08spxn30yj7nhkfcqzw12y77n8742z8u2o9m6eiijcqv41q20nulhrf9s2dvwznkrsa46yubllns9ifxrif6k0o98x5klfa0td6o3rr3twzwogy3lv5jsu44epe:latest/table_key.table.json", "_latest_artifact_path": "wandb-client-artifact://w01sn08spxn30yj7nhkfcqzw12y77n8742z8u2o9m6eiijcqv41q20nulhrf9s2dvwznkrsa46yubllns9ifxrif6k0o98x5klfa0td6o3rr3twzwogy3lv5jsu44epe:latest/table_key.table.json", "path": "media/table/table_key_665_e593232592b0f4d6b140.table.json", "ncols": 5, "nrows": 410}, "_timestamp": 1661495386.2747796, "_runtime": 1824.7202775478363, "_step": 666, "learning rate/pg1": 4.3731612306534884e-08, "learning rate/pg2": 4.3731612306534884e-08, "trainer/global_step": 10679, "loss": 0.38880619406700134, "epoch": 119, "em_score": {"max": 0.05121951177716255}, "f1_score": {"max": 0.2174377292394638}, "_wandb": {"runtime": 1825}}