{"table_key": {"_type": "table-file", "sha256": "31aed99bb8dc364ee5b415955a9daf807aec91647eaa03a016c150faca2f3baa", "size": 49911, "artifact_path": "wandb-client-artifact://7eds64drfqyxmofaxa91mgxopbaz7avyprlntzq0f3uorhexe8emz661iabo5xrr5mcxny0e53qu4yfdy9zro5stweruardw5ictem3qtcfpwtx6x2wh3l1147daz3lf:latest/table_key.table.json", "_latest_artifact_path": "wandb-client-artifact://7eds64drfqyxmofaxa91mgxopbaz7avyprlntzq0f3uorhexe8emz661iabo5xrr5mcxny0e53qu4yfdy9zro5stweruardw5ictem3qtcfpwtx6x2wh3l1147daz3lf:latest/table_key.table.json", "path": "media/table/table_key_165_31aed99bb8dc364ee5b4.table.json", "ncols": 5, "nrows": 410}, "_timestamp": 1660893722.2754157, "_runtime": 509.71342372894287, "_step": 166, "learning rate/pg1": 8.595391291290609e-07, "learning rate/pg2": 8.595391291290609e-07, "trainer/global_step": 2669, "loss": 0.02785215526819229, "epoch": 29, "em_score": {"max": 0.08048780262470245}, "f1_score": {"max": 0.19690299034118652}, "_wandb": {"runtime": 514}}