{"learning rate/pg1": 0.0007706980849673203, "learning rate/pg2": 0.0007706980849673203, "trainer/global_step": 249, "_timestamp": 1659696045, "_runtime": 58, "_step": 19, "loss": 1.4675252437591553, "epoch": 7, "_wandb": {"runtime": 63}}