{"table_key": {"_type": "table-file", "sha256": "15f2ae567243f915040b90212933894676c695f13cf32f17139e72ccc3605ed0", "size": 52618, "artifact_path": "wandb-client-artifact://3iornz5lifo40zn9vv1aqjomutjngmpejwgwjn8nwigdumocbqs3q33kjys965kkupjlcvch38q6fnnuya49j3k92cebijquj5rv7idz0dqi4duscc74fdm3a4gmuzjb:latest/table_key.table.json", "_latest_artifact_path": "wandb-client-artifact://3iornz5lifo40zn9vv1aqjomutjngmpejwgwjn8nwigdumocbqs3q33kjys965kkupjlcvch38q6fnnuya49j3k92cebijquj5rv7idz0dqi4duscc74fdm3a4gmuzjb:latest/table_key.table.json", "path": "media/table/table_key_133_15f2ae567243f915040b.table.json", "ncols": 5, "nrows": 431}, "_timestamp": 1660648009, "_runtime": 541, "_step": 134, "em_score": 0.05336426943540573, "f1_score": 0.1534179300069809, "epoch": 29, "trainer/global_step": 959, "learning rate/pg1": 0.0007407417777777778, "learning rate/pg2": 0.0007407417777777778, "loss": 0.3525349795818329, "_wandb": {"runtime": 540}}