{"table_key": {"_type": "table-file", "sha256": "f5b48fac1f5923f9a091863e3cfd13e3c79eef1bad9d7f4a3dc150371eed0737", "size": 53269, "artifact_path": "wandb-client-artifact://pwkbvthxlsyru5hlv1t5lkot48587uzzoqghraec12xcacmenqbze1zrwur0pc2neb9gn94eyhqlt1mv0niaz1du9d554o9o26o4aqnkohjgs4bml4bw542r3r5tipwz:latest/table_key.table.json", "_latest_artifact_path": "wandb-client-artifact://pwkbvthxlsyru5hlv1t5lkot48587uzzoqghraec12xcacmenqbze1zrwur0pc2neb9gn94eyhqlt1mv0niaz1du9d554o9o26o4aqnkohjgs4bml4bw542r3r5tipwz:latest/table_key.table.json", "path": "media/table/table_key_219_f5b48fac1f5923f9a091.table.json", "ncols": 5, "nrows": 446}, "_timestamp": 1660305639, "_runtime": 648, "_step": 220, "learning rate/pg1": 0.0007475674864672365, "learning rate/pg2": 0.0007475674864672365, "trainer/global_step": 2495, "loss": 0.843623161315918, "epoch": 11, "em_score": 0.07847533375024796, "f1_score": 0.16793479025363922, "_wandb": {"runtime": 648}}