{"table_key": {"_type": "table-file", "sha256": "745df7b7169cd0e36230f2a3ae72e21a5256e69fb3a86017474123d12d50e9bb", "size": 49569, "artifact_path": "wandb-client-artifact://okkxzyfy25gweji42p32z3otd5uqmw1vm7wd8hea7f1ebtxdo1w2wfgxt2ovwwb62zv2ovezxr9qpcwvkgqltazj21w7qk4xsb0pjn50h7g6ks3ts7h0a6elkwkmeaaf:latest/table_key.table.json", "_latest_artifact_path": "wandb-client-artifact://okkxzyfy25gweji42p32z3otd5uqmw1vm7wd8hea7f1ebtxdo1w2wfgxt2ovwwb62zv2ovezxr9qpcwvkgqltazj21w7qk4xsb0pjn50h7g6ks3ts7h0a6elkwkmeaaf:latest/table_key.table.json", "path": "media/table/table_key_165_745df7b7169cd0e36230.table.json", "ncols": 5, "nrows": 410}, "_timestamp": 1660891586.455256, "_runtime": 544.68931889534, "_step": 166, "learning rate/pg1": 2.8651304304302033e-06, "learning rate/pg2": 2.8651304304302033e-06, "trainer/global_step": 2669, "loss": 0.12405430525541306, "epoch": 29, "em_score": {"max": 0.07804878056049347}, "f1_score": {"max": 0.21484044194221497}, "_wandb": {"runtime": 548}}