{"table_key": {"_type": "table-file", "sha256": "6538bd304d6743ba529fdff780644927274bfbd08c7f726ab2b4842464b07763", "size": 50214, "artifact_path": "wandb-client-artifact://pgr045cd1xy31avol0sbtbh63g2vlcu7dn52d3m0kj6ysdmm0i3mortjgdbl1iqy885xk61974euin8hgeuph68nwv0nf35nntwqodmdjrx1o5vctzxhzu8kbyhi8say:latest/table_key.table.json", "_latest_artifact_path": "wandb-client-artifact://pgr045cd1xy31avol0sbtbh63g2vlcu7dn52d3m0kj6ysdmm0i3mortjgdbl1iqy885xk61974euin8hgeuph68nwv0nf35nntwqodmdjrx1o5vctzxhzu8kbyhi8say:latest/table_key.table.json", "path": "media/table/table_key_499_6538bd304d6743ba529f.table.json", "ncols": 5, "nrows": 410}, "_timestamp": 1661941323.4220471, "_runtime": 2257.413216114044, "_step": 500, "learning rate/pg1": 1.1848303126162098e-08, "learning rate/pg2": 1.1848303126162098e-08, "trainer/global_step": 8009, "loss": 1.826707124710083, "epoch": 89, "em_score": {"max": 0.05121951177716255}, "f1_score": {"max": 0.22118663787841797}, "_wandb": {"runtime": 2259}}