{"table_key": {"_type": "table-file", "sha256": "fad13837a4b4e0d2f34e176308fe80d2088e35a710356a09719607f6bf437a69", "size": 49205, "artifact_path": "wandb-client-artifact://weqf2h8w01f9bziwxt3ba9mrsfsieeluplm8q41f4w7hp26nfvolx370wd6j55jdh620l01ewj90ca0tm4qjegsvzjfcuhxnbbfu4q56w781gqiea02y2n2fxb1fb4sl:latest/table_key.table.json", "_latest_artifact_path": "wandb-client-artifact://weqf2h8w01f9bziwxt3ba9mrsfsieeluplm8q41f4w7hp26nfvolx370wd6j55jdh620l01ewj90ca0tm4qjegsvzjfcuhxnbbfu4q56w781gqiea02y2n2fxb1fb4sl:latest/table_key.table.json", "path": "media/table/table_key_203_fad13837a4b4e0d2f34e.table.json", "ncols": 5, "nrows": 410}, "_timestamp": 1660301154, "_runtime": 725, "_step": 204, "learning rate/pg1": 0.0007481620603948897, "learning rate/pg2": 0.0007481620603948897, "trainer/global_step": 2291, "loss": 0.42876654863357544, "epoch": 11, "em_score": 0.012195121496915817, "f1_score": 0.04945148527622223, "_wandb": {"runtime": 725}}