{"table_key": {"_type": "table-file", "sha256": "b2a1be92d2438d99a70542411fd3df4e8e31866395cc7d777919e2b3eeb4144b", "size": 50093, "artifact_path": "wandb-client-artifact://grg36hr1jnzrfer5fye02xry2x1j95hm4vm48zr0e0d70qbpyuneqn553cv4wsw9j43x56fh2s1jfek3713qpjb63a521vrsmx226auivhs7gik754h60bcc6xj1c9m8:latest/table_key.table.json", "_latest_artifact_path": "wandb-client-artifact://grg36hr1jnzrfer5fye02xry2x1j95hm4vm48zr0e0d70qbpyuneqn553cv4wsw9j43x56fh2s1jfek3713qpjb63a521vrsmx226auivhs7gik754h60bcc6xj1c9m8:latest/table_key.table.json", "path": "media/table/table_key_111_b2a1be92d2438d99a705.table.json", "ncols": 5, "nrows": 410}, "_timestamp": 1660886474.6378744, "_runtime": 463.91369342803955, "_step": 112, "em_score": {"max": 0.024390242993831635}, "f1_score": {"max": 0.11298324167728424}, "epoch": 29, "trainer/global_step": 1319, "learning rate/pg1": 1.1595445988449453e-07, "learning rate/pg2": 1.1595445988449453e-07, "loss": 1.1808216571807861, "_wandb": {"runtime": 468}}