{"table_key": {"_type": "table-file", "sha256": "de6b73c35d0892e70695cbac6300b0feb4410974bf464bd6665bdf8f1ce41ede", "size": 50875, "artifact_path": "wandb-client-artifact://h7chiwqabvdd67nq0hugflj1xdikqns6vo3i4nto23vv7hxfoadah69mo5d8tyjihg0xhw0na1ext52rwpiy2cvrinm7a4nxi32y26su3b5f0bimqm9mnxvldczw9pmr:latest/table_key.table.json", "_latest_artifact_path": "wandb-client-artifact://h7chiwqabvdd67nq0hugflj1xdikqns6vo3i4nto23vv7hxfoadah69mo5d8tyjihg0xhw0na1ext52rwpiy2cvrinm7a4nxi32y26su3b5f0bimqm9mnxvldczw9pmr:latest/table_key.table.json", "path": "media/table/table_key_499_de6b73c35d0892e70695.table.json", "ncols": 5, "nrows": 410}, "_timestamp": 1661403280.7425497, "_runtime": 1304.031792640686, "_step": 500, "learning rate/pg1": 3.5544909378486295e-08, "learning rate/pg2": 3.5544909378486295e-08, "trainer/global_step": 8009, "loss": 1.9244301319122314, "epoch": 89, "em_score": {"max": 0.060975611209869385}, "f1_score": {"max": 0.21740767359733582}, "_wandb": {"runtime": 1304}}