{"table_key": {"_type": "table-file", "sha256": "7b27def7d8b1103b8b90d09389a20fd290f6072165f52fb6f116bf2d565e1f45", "size": 496669, "artifact_path": "wandb-client-artifact://8qyn4iiy9rar9dq5jncp8tpioc1z3xxb2nvi0iqd8mnxyolpicdxhsgjz8l5dgdyrghpgr88ntbvk2yb3s0ypy6fsi3gvbj1kbmhp76pi9qsda4oref5qapevpdejj99:latest/table_key.table.json", "_latest_artifact_path": "wandb-client-artifact://8qyn4iiy9rar9dq5jncp8tpioc1z3xxb2nvi0iqd8mnxyolpicdxhsgjz8l5dgdyrghpgr88ntbvk2yb3s0ypy6fsi3gvbj1kbmhp76pi9qsda4oref5qapevpdejj99:latest/table_key.table.json", "path": "media/table/table_key_395_7b27def7d8b1103b8b90.table.json", "ncols": 5, "nrows": 4124}, "_timestamp": 1661806734.4838388, "_runtime": 9803.211636781693, "_step": 396, "learning rate/pg1": 1.0480272873146617e-06, "learning rate/pg2": 1.0480272873146617e-08, "trainer/global_step": 8939, "loss": 1.8690396547317505, "epoch": 19, "em_score": {"max": 0.033462658524513245}, "f1_score": {"max": 0.17110243439674377}, "_wandb": {"runtime": 9805}}