{"table_key": {"_type": "table-file", "sha256": "06b938a910385aa900e19776c284b4de81217cab9a50a97bd58df5f958860e3f", "size": 50889, "artifact_path": "wandb-client-artifact://182r27m180im53zv2ogswwarqr37me4r8tnxga6pb1npmntyrungt2h06vj5w42m3gb5pj9cd2tbyo6kx3lvggce9wea83r4mcgc3ye5jitol0uo0ome1e0pvoiic8kn:latest/table_key.table.json", "_latest_artifact_path": "wandb-client-artifact://182r27m180im53zv2ogswwarqr37me4r8tnxga6pb1npmntyrungt2h06vj5w42m3gb5pj9cd2tbyo6kx3lvggce9wea83r4mcgc3ye5jitol0uo0ome1e0pvoiic8kn:latest/table_key.table.json", "path": "media/table/table_key_111_06b938a910385aa900e1.table.json", "ncols": 5, "nrows": 410}, "_timestamp": 1660886970.7393463, "_runtime": 455.75268816947937, "_step": 112, "em_score": {"max": 0.07560975849628448}, "f1_score": {"max": 0.18599578738212585}, "epoch": 29, "trainer/global_step": 1319, "learning rate/pg1": 1.1595445988449453e-06, "learning rate/pg2": 1.1595445988449453e-06, "loss": 0.28922271728515625, "_wandb": {"runtime": 461}}