{"table_key": {"_type": "table-file", "sha256": "69ce06621ddfdc08e1c4f518c7e9db8b24933289d84b58bfc81c10114427e8b2", "size": 48954, "artifact_path": "wandb-client-artifact://16ljwwmeq2qbyanoyeexkmfmcn9a5720cv3ewwcx7vgtcds4wl6qzq80r89r8edk2tdy6itbkr3ejgvohocmwebolct73d2c80b9s6bi9doqi2eh6mix9vaugaodd41w:latest/table_key.table.json", "_latest_artifact_path": "wandb-client-artifact://16ljwwmeq2qbyanoyeexkmfmcn9a5720cv3ewwcx7vgtcds4wl6qzq80r89r8edk2tdy6itbkr3ejgvohocmwebolct73d2c80b9s6bi9doqi2eh6mix9vaugaodd41w:latest/table_key.table.json", "path": "media/table/table_key_143_69ce06621ddfdc08e1c4.table.json", "ncols": 5, "nrows": 431}, "_timestamp": 1660306111, "_runtime": 427, "_step": 144, "learning rate/pg1": 0.0007431945518763797, "learning rate/pg2": 0.0007431945518763797, "trainer/global_step": 1607, "loss": 0.8491418361663818, "epoch": 7, "em_score": 0.07656612247228622, "f1_score": 0.1659366339445114, "_wandb": {"runtime": 427}}