{"table_key": {"_type": "table-file", "sha256": "7b1f307f3f5d9c04c53c8637c0c22b27be507400201fb7759cee0b7e5ce9b180", "size": 49980, "artifact_path": "wandb-client-artifact://62wbh3frf31fjpqybmp96s44svqgvvdc9n8fi5xpmveinb6rgaaq55ddn3q2n9l061emci39yxka8o03so1dqcvs7bsr4h06vv5ofz48khde1von1dbkg72qwv0462w1:latest/table_key.table.json", "_latest_artifact_path": "wandb-client-artifact://62wbh3frf31fjpqybmp96s44svqgvvdc9n8fi5xpmveinb6rgaaq55ddn3q2n9l061emci39yxka8o03so1dqcvs7bsr4h06vv5ofz48khde1von1dbkg72qwv0462w1:latest/table_key.table.json", "path": "media/table/table_key_111_7b1f307f3f5d9c04c53c.table.json", "ncols": 5, "nrows": 410}, "_timestamp": 1660883705.5052104, "_runtime": 441.5900013446808, "_step": 112, "em_score": {"max": 0.060975611209869385}, "f1_score": {"max": 0.17089132964611053}, "epoch": 29, "trainer/global_step": 1319, "learning rate/pg1": 1.1595445988449453e-06, "learning rate/pg2": 1.1595445988449453e-06, "loss": 0.22462059557437897, "_wandb": {"runtime": 447}}