{"learning rate/pg1": 0.0007559984507575758, "learning rate/pg2": 0.0007559984507575758, "trainer/global_step": 449, "_timestamp": 1659669445, "_runtime": 223, "_step": 35, "loss": 0.1859222799539566, "epoch": 7, "_wandb": {"runtime": 241}}