{"table_key": {"_type": "table-file", "sha256": "8188b7d55fe4280a176b9b8904dcdfd0ba40b0e37a687a59d9364a8073fa9058", "size": 50260, "artifact_path": "wandb-client-artifact://2fhgcl1t9ozvqesy9xi8qbmum1re8g1mtpanwtvtj0fj9cgldepjsq46pwe6gg7levk4opiykx6kn0oh2z89xralhy2d0mhd2ipk0v7mo4cvtq8jtd30r1svl6cobais:latest/table_key.table.json", "_latest_artifact_path": "wandb-client-artifact://2fhgcl1t9ozvqesy9xi8qbmum1re8g1mtpanwtvtj0fj9cgldepjsq46pwe6gg7levk4opiykx6kn0oh2z89xralhy2d0mhd2ipk0v7mo4cvtq8jtd30r1svl6cobais:latest/table_key.table.json", "path": "media/table/table_key_665_8188b7d55fe4280a176b.table.json", "ncols": 5, "nrows": 410}, "_timestamp": 1661497079.6063225, "_runtime": 2019.3271434307098, "_step": 666, "learning rate/pg1": 1.3119483691960463e-07, "learning rate/pg2": 1.3119483691960463e-07, "trainer/global_step": 10679, "loss": 0.0006327044102363288, "epoch": 119, "em_score": {"max": 0.08048780262470245}, "f1_score": {"max": 0.20563726127147675}, "_wandb": {"runtime": 2019}}