{"table_key": {"_type": "table-file", "sha256": "e4570236155464e56cdb23061bfb9796e415db8c64a168ad56fc7233191adc39", "size": 600831, "artifact_path": "wandb-client-artifact://qlfpadm2qcgfm9t0klg4g1m1omqanhprl0pwduc2hwzcewyi3e55vjk7nkdul1qawiw23xh7dassktvq0ze5ol123wnsiojvdlhnhnwexozh2z24wd2auxzysx2gjkq6:latest/table_key.table.json", "_latest_artifact_path": "wandb-client-artifact://qlfpadm2qcgfm9t0klg4g1m1omqanhprl0pwduc2hwzcewyi3e55vjk7nkdul1qawiw23xh7dassktvq0ze5ol123wnsiojvdlhnhnwexozh2z24wd2auxzysx2gjkq6:latest/table_key.table.json", "path": "media/table/table_key_1379_e4570236155464e56cdb.table.json", "ncols": 5, "nrows": 5037}, "_timestamp": 1660910667.1337113, "_runtime": 4949.049956321716, "_step": 1380, "learning rate/pg1": 1.2e-08, "learning rate/pg2": 1.2e-08, "trainer/global_step": 32999, "loss": 0.06230158358812332, "epoch": 29, "em_score": {"max": 0.06114750728011131}, "f1_score": {"max": 0.16622136533260345}, "_wandb": {"runtime": 4951}}