{"table_key": {"_type": "table-file", "sha256": "beb79d3a406cb82b83570668f4ae62893e880b163c49c5763b09dc0176b7edea", "size": 50230, "artifact_path": "wandb-client-artifact://8n2up79njcqhjv65mwj6jm4qfv5fimb5p9d13x7h5g7hme7mow053v1im5mbfzsv8nwi1vw8f85wzy3a6hsudtq27pp92ygpqlggso2w2ob8rm60xuqc9ga68byuzeyx:latest/table_key.table.json", "_latest_artifact_path": "wandb-client-artifact://8n2up79njcqhjv65mwj6jm4qfv5fimb5p9d13x7h5g7hme7mow053v1im5mbfzsv8nwi1vw8f85wzy3a6hsudtq27pp92ygpqlggso2w2ob8rm60xuqc9ga68byuzeyx:latest/table_key.table.json", "path": "media/table/table_key_111_beb79d3a406cb82b8357.table.json", "ncols": 5, "nrows": 410}, "_timestamp": 1660892112.1282814, "_runtime": 459.9209494590759, "_step": 112, "em_score": {"max": 0.0731707289814949}, "f1_score": {"max": 0.18281613290309906}, "epoch": 29, "trainer/global_step": 1319, "learning rate/pg1": 1.1595445988449453e-06, "learning rate/pg2": 1.1595445988449453e-06, "loss": 0.26332908868789673, "_wandb": {"runtime": 464}}