{"table_key": {"_type": "table-file", "sha256": "5ced06781e49713649b7ff4cdde2712b5ba95efb7d6fd8151237c2a98be9fd8b", "size": 69248, "artifact_path": "wandb-client-artifact://gihqygjp5aptkz5bbxvv1faoygu5k0onc331qi4cczx1kyubcxj63jw0hd2vtb8ujnyh3sz3v088dimkvmbn8hk8lmv43suaemfyr8xed8xc4yljd9zjlubolhxb5wi5:latest/table_key.table.json", "_latest_artifact_path": "wandb-client-artifact://gihqygjp5aptkz5bbxvv1faoygu5k0onc331qi4cczx1kyubcxj63jw0hd2vtb8ujnyh3sz3v088dimkvmbn8hk8lmv43suaemfyr8xed8xc4yljd9zjlubolhxb5wi5:latest/table_key.table.json", "path": "media/table/table_key_499_5ced06781e49713649b7.table.json", "ncols": 5, "nrows": 410}, "_timestamp": 1661932225.8617055, "_runtime": 1868.2915394306183, "_step": 500, "learning rate/pg1": 1.1848303126162098e-08, "learning rate/pg2": 1.1848303126162098e-08, "trainer/global_step": 8009, "loss": 0.03916597738862038, "epoch": 89, "em_score": {"max": 0.014634146355092525}, "f1_score": {"max": 0.17053937911987305}, "_wandb": {"runtime": 1868}}