{"table_key": {"_type": "table-file", "sha256": "d781257e9d3db0ef9bb585297f1362dbccc21d6271ceb0dcc8c28b5737c331b6", "size": 600359, "artifact_path": "wandb-client-artifact://o0whc8cytx8yo5ytpf9xnqzpu2otbtokvawh5dai4jvj0vdh5ky26wi0z91gjrn71bcuqz8p5kyx6vpe5i7o4b3433o0b3g9smhfm7dr92y3l9ij2hxtkuitsu368n6g:latest/table_key.table.json", "_latest_artifact_path": "wandb-client-artifact://o0whc8cytx8yo5ytpf9xnqzpu2otbtokvawh5dai4jvj0vdh5ky26wi0z91gjrn71bcuqz8p5kyx6vpe5i7o4b3433o0b3g9smhfm7dr92y3l9ij2hxtkuitsu368n6g:latest/table_key.table.json", "path": "media/table/table_key_1379_d781257e9d3db0ef9bb5.table.json", "ncols": 5, "nrows": 5037}, "_timestamp": 1660883973.8913004, "_runtime": 5794.962557554245, "_step": 1380, "learning rate/pg1": 4e-09, "learning rate/pg2": 4e-09, "trainer/global_step": 32999, "loss": 0.013904186896979809, "epoch": 29, "em_score": {"max": 0.05955926328897476}, "f1_score": {"max": 0.18539534509181976}, "_wandb": {"runtime": 5795}}