{"table_key": {"_type": "table-file", "sha256": "ebbe647011422e87cf40ee61dc6a5a4ea09879598d71696267fecde8d48a6e3c", "size": 13943, "artifact_path": "wandb-client-artifact://92psvinlnrj8cgnof1vlgz7nddf8mlr55khsiyq5mntoq1f877bd961tpbkyv441p30zf71xoiyf48uqkkujxdc24z6rket20flk8x3xl10brem8aj7n0gjmczpr0a6u:latest/table_key.table.json", "_latest_artifact_path": "wandb-client-artifact://92psvinlnrj8cgnof1vlgz7nddf8mlr55khsiyq5mntoq1f877bd961tpbkyv441p30zf71xoiyf48uqkkujxdc24z6rket20flk8x3xl10brem8aj7n0gjmczpr0a6u:latest/table_key.table.json", "path": "media/table/table_key_0_ebbe647011422e87cf40.table.json", "ncols": 5, "nrows": 64}, "_timestamp": 1661560921.963189, "_runtime": 42.6433048248291, "_step": 4, "learning rate/pg1": 1.2025584358112064e-05, "learning rate/pg2": 1.2025584358112064e-05, "trainer/global_step": 99, "loss": 14.568017959594727, "epoch": 0}