{"table_key": {"_type": "table-file", "sha256": "19d79906af15eff0166da6212db56650aa8f1c04248556a28dd8eacc02054276", "size": 50290, "artifact_path": "wandb-client-artifact://119hflfb0edp5jx0y5qzy6hngoxzx1t1ee1ho84t7wnpbeequyzp6rssqi0ib5qo82ob8duao6rymysolkgd573aivcx7o8se6levx60ky23debxf88kwagcmsr4vpkh:latest/table_key.table.json", "_latest_artifact_path": "wandb-client-artifact://119hflfb0edp5jx0y5qzy6hngoxzx1t1ee1ho84t7wnpbeequyzp6rssqi0ib5qo82ob8duao6rymysolkgd573aivcx7o8se6levx60ky23debxf88kwagcmsr4vpkh:latest/table_key.table.json", "path": "media/table/table_key_111_19d79906af15eff0166d.table.json", "ncols": 5, "nrows": 410}, "_timestamp": 1660885509.2674785, "_runtime": 454.8013405799866, "_step": 112, "em_score": {"max": 0.07073170691728592}, "f1_score": {"max": 0.18596483767032623}, "epoch": 29, "trainer/global_step": 1319, "learning rate/pg1": 1.1595445988449453e-06, "learning rate/pg2": 1.1595445988449453e-06, "loss": 0.24938689172267914, "_wandb": {"runtime": 459}}