{"table_key": {"_type": "table-file", "sha256": "d574a741c10b1958cd13bf8b51ca2e61cb3c24bae2421e63471743edbff270f8", "size": 50334, "artifact_path": "wandb-client-artifact://9cq7ld4ndifjugwba6g9w33zb4ifh4vf09kz00xp1kw8vzj2nscq65o1znd5qk65mtprwzn8c5vi9vckd6mjfygewzs16wfdiid8qy6q8oqpino9xxde8o96fidnd6ij:latest/table_key.table.json", "_latest_artifact_path": "wandb-client-artifact://9cq7ld4ndifjugwba6g9w33zb4ifh4vf09kz00xp1kw8vzj2nscq65o1znd5qk65mtprwzn8c5vi9vckd6mjfygewzs16wfdiid8qy6q8oqpino9xxde8o96fidnd6ij:latest/table_key.table.json", "path": "media/table/table_key_499_d574a741c10b1958cd13.table.json", "ncols": 5, "nrows": 410}, "_timestamp": 1661858734.717057, "_runtime": 1686.4092409610748, "_step": 500, "learning rate/pg1": 1.1848303126162098e-08, "learning rate/pg2": 1.1848303126162098e-08, "trainer/global_step": 8009, "loss": 1.6496031284332275, "epoch": 89, "em_score": {"max": 0.05609755963087082}, "f1_score": {"max": 0.22045835852622986}, "_wandb": {"runtime": 1686}}