{"table_key": {"_type": "table-file", "sha256": "d258b55e6524da5c831cb72bb609dab9804388c42785d63f1b84aeb281580cf8", "size": 597201, "artifact_path": "wandb-client-artifact://ro831rv85e83cjwnx2fxrt6bhq251y617hlpjdw3bv0cl6tlkjfmrtvw5kabihu8uoy4w6cy6f8hbof8ddpclha4rwwoirt169ji3ghcl2wafvai3yt7doew9bam06h3:latest/table_key.table.json", "_latest_artifact_path": "wandb-client-artifact://ro831rv85e83cjwnx2fxrt6bhq251y617hlpjdw3bv0cl6tlkjfmrtvw5kabihu8uoy4w6cy6f8hbof8ddpclha4rwwoirt169ji3ghcl2wafvai3yt7doew9bam06h3:latest/table_key.table.json", "path": "media/table/table_key_2299_d258b55e6524da5c831c.table.json", "ncols": 5, "nrows": 5037}, "_timestamp": 1661522996.0254002, "_runtime": 19611.388235092163, "_step": 2300, "learning rate/pg1": 4e-08, "learning rate/pg2": 4e-08, "trainer/global_step": 54999, "loss": 1.010680913925171, "epoch": 49, "em_score": {"max": 0.03394877910614014}, "f1_score": {"max": 0.16633830964565277}, "_wandb": {"runtime": 19613}}