{"table_key": {"_type": "table-file", "sha256": "29c7de2ece9c8147e586a7fa869d507799866ce89bcc9244a7242511bdb2de0b", "size": 50720, "artifact_path": "wandb-client-artifact://6eyixre466elwpaevbpfu4dib02f9guzk8uxd73oqdsy81cdndbplpm48dtpllmh2qli7ygbzh1egxa7e50nwo8wya60sf5xqpnw1goc84u7i8056m6td4ilak518efb:latest/table_key.table.json", "_latest_artifact_path": "wandb-client-artifact://6eyixre466elwpaevbpfu4dib02f9guzk8uxd73oqdsy81cdndbplpm48dtpllmh2qli7ygbzh1egxa7e50nwo8wya60sf5xqpnw1goc84u7i8056m6td4ilak518efb:latest/table_key.table.json", "path": "media/table/table_key_111_29c7de2ece9c8147e586.table.json", "ncols": 5, "nrows": 410}, "_timestamp": 1660881808.5085342, "_runtime": 456.68522214889526, "_step": 112, "em_score": {"max": 0.06829268485307693}, "f1_score": {"max": 0.17793284356594086}, "epoch": 29, "trainer/global_step": 1319, "learning rate/pg1": 1.1595445988449453e-06, "learning rate/pg2": 1.1595445988449453e-06, "loss": 0.2478988617658615, "_wandb": {"runtime": 458}}