{"table_key": {"_type": "table-file", "sha256": "f088ddf85a1d98ccf9dfcd818ff078f320afe0e18533f59867676c44957efb0d", "size": 47139, "artifact_path": "wandb-client-artifact://7m531kp0aaw6whx55n7roiuw01zetmzw2uz31wahz6d3c2frtn5054nqepp6yote66fu3y6lak0xjxd10m0o5zclm89acvqhbmdnlmy1o7t9mpa0mv9h9k5y8zuyqk89:latest/table_key.table.json", "_latest_artifact_path": "wandb-client-artifact://7m531kp0aaw6whx55n7roiuw01zetmzw2uz31wahz6d3c2frtn5054nqepp6yote66fu3y6lak0xjxd10m0o5zclm89acvqhbmdnlmy1o7t9mpa0mv9h9k5y8zuyqk89:latest/table_key.table.json", "path": "media/table/table_key_135_f088ddf85a1d98ccf9df.table.json", "ncols": 5, "nrows": 410}, "_timestamp": 1660300141, "_runtime": 415, "_step": 136, "learning rate/pg1": 0.0007481620603948897, "learning rate/pg2": 0.0007481620603948897, "trainer/global_step": 1527, "loss": 0.9136521220207214, "epoch": 7, "em_score": 0.06829268485307693, "f1_score": 0.18236206471920013, "_wandb": {"runtime": 415}}