{"table_key": {"_type": "table-file", "sha256": "f8b02b0bb9367538ae80951ddc537d26f2f17843265c991da5058a54aef5eea7", "size": 51082, "artifact_path": "wandb-client-artifact://vo00s0m9zn8gcys1t3sioeox051bqdc7zfoamfxem8ylnjg5cfqqvdxd1a3yhm0b4dpleet73p33wmzyjcgq0oytmgxvqnmu0949h7z5n5ojo5zeigyppwzpcoftltkc:latest/table_key.table.json", "_latest_artifact_path": "wandb-client-artifact://vo00s0m9zn8gcys1t3sioeox051bqdc7zfoamfxem8ylnjg5cfqqvdxd1a3yhm0b4dpleet73p33wmzyjcgq0oytmgxvqnmu0949h7z5n5ojo5zeigyppwzpcoftltkc:latest/table_key.table.json", "path": "media/table/table_key_165_f8b02b0bb9367538ae80.table.json", "ncols": 5, "nrows": 410}, "_timestamp": 1660887535.742405, "_runtime": 535.3209619522095, "_step": 166, "learning rate/pg1": 8.595391291290609e-08, "learning rate/pg2": 8.595391291290609e-08, "trainer/global_step": 2669, "loss": 0.6598835587501526, "epoch": 29, "em_score": {"max": 0.05121951177716255}, "f1_score": {"max": 0.14731822907924652}, "_wandb": {"runtime": 539}}