{"table_key": {"_type": "table-file", "sha256": "14355d89529a17e44db54da0eae8e46d922c54903e2eb997f266b40685903597", "size": 57658, "artifact_path": "wandb-client-artifact://5ne5ryf7546yn42twq47a0ooymybmu5zbnypnx51mdxbkzk2cbgqt5klh1idh7p5u8v6iecnzj7vg0gc7ycrukox4rgygj9oau3mm7vgkbabf4xmkrg8z4cadxca6r0x:latest/table_key.table.json", "_latest_artifact_path": "wandb-client-artifact://5ne5ryf7546yn42twq47a0ooymybmu5zbnypnx51mdxbkzk2cbgqt5klh1idh7p5u8v6iecnzj7vg0gc7ycrukox4rgygj9oau3mm7vgkbabf4xmkrg8z4cadxca6r0x:latest/table_key.table.json", "path": "media/table/table_key_420_14355d89529a17e44db5.table.json", "ncols": 5, "nrows": 479}, "_timestamp": 1660651599, "_runtime": 1761, "_step": 421, "em_score": 0.05010438337922096, "f1_score": 0.1616610735654831, "epoch": 89, "trainer/global_step": 3059, "learning rate/pg1": 0.00074195213362382, "learning rate/pg2": 0.00074195213362382, "loss": 0.028462054207921028, "_wandb": {"runtime": 1761}}