{"table_key": {"_type": "table-file", "sha256": "f6bcb8e1b3a4edf74ca6c5a20e535052f741d304d63bf9d3c83ec76b3225dce9", "size": 49900, "artifact_path": "wandb-client-artifact://17sm0xva00luewjhl1pgzhx5f3rmlezxsczut4qpxu2gp4fl8f7hntoctt46v3w4ckqnud2ksum9lpbrnlgwyoinert23sb3ppdn0nmes32e4ibend5swx7tziu5c3xf:latest/table_key.table.json", "_latest_artifact_path": "wandb-client-artifact://17sm0xva00luewjhl1pgzhx5f3rmlezxsczut4qpxu2gp4fl8f7hntoctt46v3w4ckqnud2ksum9lpbrnlgwyoinert23sb3ppdn0nmes32e4ibend5swx7tziu5c3xf:latest/table_key.table.json", "path": "media/table/table_key_499_f6bcb8e1b3a4edf74ca6.table.json", "ncols": 5, "nrows": 410}, "_timestamp": 1661942779.8633246, "_runtime": 1430.7289745807648, "_step": 500, "learning rate/pg1": 1.1848303126162098e-08, "learning rate/pg2": 1.1848303126162098e-08, "trainer/global_step": 8009, "loss": 1.2723546028137207, "epoch": 89, "em_score": {"max": 0.053658537566661835}, "f1_score": {"max": 0.20763327181339264}, "_wandb": {"runtime": 1431}}