{"table_key": {"_type": "table-file", "sha256": "3e961830e6e7e200cedadb380a7e0c1396a26f65d3cacb84f90165e31ee40f77", "size": 603863, "artifact_path": "wandb-client-artifact://14x4socfdebvvrc4yjmtlabd8igqpmnj9ljo5vysy8uepl4xug5cd2u9tpybxcit9s7k7hpa29bkrgue48st1xduedah5iacj25clpvklog03rdb0aqq47vq1bwob3qp:latest/table_key.table.json", "_latest_artifact_path": "wandb-client-artifact://14x4socfdebvvrc4yjmtlabd8igqpmnj9ljo5vysy8uepl4xug5cd2u9tpybxcit9s7k7hpa29bkrgue48st1xduedah5iacj25clpvklog03rdb0aqq47vq1bwob3qp:latest/table_key.table.json", "path": "media/table/table_key_1515_3e961830e6e7e200ceda.table.json", "ncols": 5, "nrows": 5037}, "_timestamp": 1660649872, "_runtime": 5564, "_step": 1516, "learning rate/pg1": 0.0007415171029425678, "learning rate/pg2": 0.0007415171029425678, "trainer/global_step": 18791, "loss": 0.43353402614593506, "epoch": 7, "em_score": 0.045265037566423416, "f1_score": 0.1459140181541443, "_wandb": {"runtime": 5565}}