{"table_key": {"_type": "table-file", "sha256": "3ffaef0593c088ff2b05a1eddeb1694827f8dac407b3ac82c973e89532f69a43", "size": 1205, "artifact_path": "wandb-client-artifact://x0jb21feuiiy1y7z59wy3sbct4pnw5ua5p71v3hn700s5k5pfq5wsoh1bnz35dywzc5d76q0icujg5w2w3f0psrest81fsa6qhqfkywrruukoaylufxwxfv0amvgh270:latest/table_key.table.json", "_latest_artifact_path": "wandb-client-artifact://x0jb21feuiiy1y7z59wy3sbct4pnw5ua5p71v3hn700s5k5pfq5wsoh1bnz35dywzc5d76q0icujg5w2w3f0psrest81fsa6qhqfkywrruukoaylufxwxfv0amvgh270:latest/table_key.table.json", "path": "media/table/table_key_0_3ffaef0593c088ff2b05.table.json", "ncols": 5, "nrows": 10}, "_timestamp": 1660299049, "_runtime": 25, "_step": 8, "learning rate/pg1": 0.00017817970340215178, "learning rate/pg2": 0.00017817970340215178, "trainer/global_step": 99, "loss": 7.023928642272949, "epoch": 0}