{"table_key": {"_type": "table-file", "sha256": "7071296995d36b0fc8dadbf5b74af08e2c7c7847338131dd22632b2d44b85dc4", "size": 50052, "artifact_path": "wandb-client-artifact://11eahzhrk0xxwgbrcam5v5gvzu3ef2xzhke9ydc25n7m0xg1euthiombpqpacv5b73o3dh1vgj77r4rgjm6zps5xcvci5tayz5v4lup26van2fgdo6k75865zpmpkotn:latest/table_key.table.json", "_latest_artifact_path": "wandb-client-artifact://11eahzhrk0xxwgbrcam5v5gvzu3ef2xzhke9ydc25n7m0xg1euthiombpqpacv5b73o3dh1vgj77r4rgjm6zps5xcvci5tayz5v4lup26van2fgdo6k75865zpmpkotn:latest/table_key.table.json", "path": "media/table/table_key_205_7071296995d36b0fc8da.table.json", "ncols": 5, "nrows": 410}, "_timestamp": 1660296285, "_runtime": 1084, "_step": 206, "learning rate/pg1": 0.0007481620603948897, "learning rate/pg2": 0.0007481620603948897, "trainer/global_step": 2292, "loss": 0.5014016628265381, "epoch": 11, "em_score": 0.053658537566661835, "f1_score": 0.16053542494773865, "_wandb": {"runtime": 1085}}