{"table_key": {"_type": "table-file", "sha256": "a788a53bfb8e03393f07b6e9df539f7cbf0445688278ce881559f5fd28b16da9", "size": 50579, "artifact_path": "wandb-client-artifact://h3fvic98i48y4xzm3gq1c50pj0veacd862m22ck76f8pwis72fce07e6jj3tjw6nrjvgcl4lxy8f1j9ic3uijt7g2b5mcc8uv802vbzpbnovlbwuyw487qo9riobi3ej:latest/table_key.table.json", "_latest_artifact_path": "wandb-client-artifact://h3fvic98i48y4xzm3gq1c50pj0veacd862m22ck76f8pwis72fce07e6jj3tjw6nrjvgcl4lxy8f1j9ic3uijt7g2b5mcc8uv802vbzpbnovlbwuyw487qo9riobi3ej:latest/table_key.table.json", "path": "media/table/table_key_499_a788a53bfb8e03393f07.table.json", "ncols": 5, "nrows": 410}, "_timestamp": 1661423545.129928, "_runtime": 1363.818778038025, "_step": 500, "learning rate/pg1": 1.1848303126162098e-08, "learning rate/pg2": 1.1848303126162098e-08, "trainer/global_step": 8009, "loss": 1.9354044198989868, "epoch": 89, "em_score": {"max": 0.07560975849628448}, "f1_score": {"max": 0.2186243236064911}, "_wandb": {"runtime": 1363}}