{"table_key": {"_type": "table-file", "sha256": "da3e221c3333d70add97295f40bb38fb5d2837ec49244ca4765158060e2011e3", "size": 51240, "artifact_path": "wandb-client-artifact://18rt4k6aszck126pax2yz7mqvc9zqpo0gapdt2qs7bh6ldiadvhrad47g8uar9ji8vm22h317jvj33qr208o3vfbm1oskinxurtkda2fofi33yef4xeq8zsqz8zkhcm8:latest/table_key.table.json", "_latest_artifact_path": "wandb-client-artifact://18rt4k6aszck126pax2yz7mqvc9zqpo0gapdt2qs7bh6ldiadvhrad47g8uar9ji8vm22h317jvj33qr208o3vfbm1oskinxurtkda2fofi33yef4xeq8zsqz8zkhcm8:latest/table_key.table.json", "path": "media/table/table_key_85_da3e221c3333d70add97.table.json", "ncols": 5, "nrows": 410}, "_timestamp": 1660810270, "_runtime": 580, "_step": 86, "em_score": {"max": 0.08292683213949203}, "f1_score": {"max": 0.22529132664203644}, "epoch": 29, "trainer/global_step": 659, "learning rate/pg1": 1.1595445988449453e-07, "learning rate/pg2": 1.1595445988449453e-07, "loss": 1.2139736413955688, "_wandb": {"runtime": 579}}