{"table_key": {"_type": "table-file", "sha256": "ee159c0887ae970318031839820d7e0e3138b76182db69c5639721d46a9ffa52", "size": 50256, "artifact_path": "wandb-client-artifact://jdc5q41y0lq91tajyvs2itr5smm1uqzyb491yzmgoap87pdp3vn8shro5u6ernmkddjlfginwa28m2s7873mi36fnoi5q81dyk00r9ivrb07l8q4nf80vg3k2fmso8vc:latest/table_key.table.json", "_latest_artifact_path": "wandb-client-artifact://jdc5q41y0lq91tajyvs2itr5smm1uqzyb491yzmgoap87pdp3vn8shro5u6ernmkddjlfginwa28m2s7873mi36fnoi5q81dyk00r9ivrb07l8q4nf80vg3k2fmso8vc:latest/table_key.table.json", "path": "media/table/table_key_111_ee159c0887ae97031803.table.json", "ncols": 5, "nrows": 410}, "_timestamp": 1660892633.5322545, "_runtime": 462.00019550323486, "_step": 112, "em_score": {"max": 0.07073170691728592}, "f1_score": {"max": 0.21301306784152985}, "epoch": 29, "trainer/global_step": 1319, "learning rate/pg1": 3.478633796534836e-06, "learning rate/pg2": 3.478633796534836e-06, "loss": 0.06857074052095413, "_wandb": {"runtime": 467}}