{"table_key": {"_type": "table-file", "sha256": "5cee9675df3a3448e3669dcfd04501a137314b2e226c0b94fa9fb1679faa0f6b", "size": 49977, "artifact_path": "wandb-client-artifact://ancoiw39pc1yvvua7f5nakh6pk92cvru5lwmncn8jjleadr599ypsze4w0i4eg5titr5zz7cmx09epv1vdtbwv0ex2f79fgi0qxbxtx4lqp9qmhlbxfu0r15wpw5qpsg:latest/table_key.table.json", "_latest_artifact_path": "wandb-client-artifact://ancoiw39pc1yvvua7f5nakh6pk92cvru5lwmncn8jjleadr599ypsze4w0i4eg5titr5zz7cmx09epv1vdtbwv0ex2f79fgi0qxbxtx4lqp9qmhlbxfu0r15wpw5qpsg:latest/table_key.table.json", "path": "media/table/table_key_499_5cee9675df3a3448e366.table.json", "ncols": 5, "nrows": 410}, "_timestamp": 1661944285.937012, "_runtime": 1378.0234789848328, "_step": 500, "learning rate/pg1": 1.18483031261621e-09, "learning rate/pg2": 1.18483031261621e-09, "trainer/global_step": 8009, "loss": 2.0428924560546875, "epoch": 89, "em_score": {"max": 0.03414634242653847}, "f1_score": {"max": 0.19440333545207977}, "_wandb": {"runtime": 1382}}