{"table_key": {"_type": "table-file", "sha256": "b1ecd64a0b17fb97f28fba1e5a81bbf7e34360edc5e7317879c402326131c1ed", "size": 50304, "artifact_path": "wandb-client-artifact://skhex3j67ot4s6mfue522fa41ik3zl8522npje2sj8kbuylj36zsitpck28jbgpltfbneb7s7btcumyjpzhurzzmwrjjb3g9yhsefk3wwx2tbfiyms6h899l0mr5ijpq:latest/table_key.table.json", "_latest_artifact_path": "wandb-client-artifact://skhex3j67ot4s6mfue522fa41ik3zl8522npje2sj8kbuylj36zsitpck28jbgpltfbneb7s7btcumyjpzhurzzmwrjjb3g9yhsefk3wwx2tbfiyms6h899l0mr5ijpq:latest/table_key.table.json", "path": "media/table/table_key_277_b1ecd64a0b17fb97f28f.table.json", "ncols": 5, "nrows": 410}, "_timestamp": 1661233375.247736, "_runtime": 803.4047598838806, "_step": 278, "learning rate/pg1": 4e-08, "learning rate/pg2": 4e-08, "trainer/global_step": 4449, "loss": 2.0666439533233643, "epoch": 49, "em_score": {"max": 0.05121951177716255}, "f1_score": {"max": 0.21339653432369232}, "_wandb": {"runtime": 807}}