{"table_key": {"_type": "table-file", "sha256": "0d8f77359788e54ff0b86444558a63ad4434ca707ee7c8243489e166d2a746ef", "size": 51235, "artifact_path": "wandb-client-artifact://o4pp53865waufm3mvm1jkl3qgq6rgwwfvxys3hdch54vndtdio2sofafanw7ypxkcygh78toqoamku7v6ylxmomnzp78geadf8fjwb1yiaxhaojol31q25az9ghxv68y:latest/table_key.table.json", "_latest_artifact_path": "wandb-client-artifact://o4pp53865waufm3mvm1jkl3qgq6rgwwfvxys3hdch54vndtdio2sofafanw7ypxkcygh78toqoamku7v6ylxmomnzp78geadf8fjwb1yiaxhaojol31q25az9ghxv68y:latest/table_key.table.json", "path": "media/table/table_key_135_0d8f77359788e54ff0b8.table.json", "ncols": 5, "nrows": 410}, "_timestamp": 1660648482, "_runtime": 461, "_step": 136, "learning rate/pg1": 7.481620603948897e-05, "learning rate/pg2": 7.481620603948897e-05, "trainer/global_step": 1527, "loss": 2.0639445781707764, "epoch": 7, "em_score": 0.07804878056049347, "f1_score": 0.22079873085021973, "_wandb": {"runtime": 461}}