{"em_score": 0.053206272423267365, "f1_score": 0.16615329682826996, "epoch": 0, "trainer/global_step": 0, "_timestamp": 1660267916, "_runtime": 50, "_step": 0, "_wandb": {"runtime": 51}}