{"table_key": {"_type": "table-file", "sha256": "65d3e5ec36759b920d1836d87062bd175ec8439c18955e1d76bc12c772989438", "size": 50635, "artifact_path": "wandb-client-artifact://r04rlqy5d9saty60yw5hshyorqdkjbdou2ugou5t3418hrgmh7mhu4l9phd5avl7v26lciicqw2p7pr856630qqb7v0fwmiay8en4ldauydi366hm9i1dvc91v4opbzi:latest/table_key.table.json", "_latest_artifact_path": "wandb-client-artifact://r04rlqy5d9saty60yw5hshyorqdkjbdou2ugou5t3418hrgmh7mhu4l9phd5avl7v26lciicqw2p7pr856630qqb7v0fwmiay8en4ldauydi366hm9i1dvc91v4opbzi:latest/table_key.table.json", "path": "media/table/table_key_277_65d3e5ec36759b920d18.table.json", "ncols": 5, "nrows": 410}, "_timestamp": 1661545222.5108132, "_runtime": 844.9831111431122, "_step": 278, "learning rate/pg1": 1.2e-08, "learning rate/pg2": 1.2e-08, "trainer/global_step": 4449, "loss": 2.00644588470459, "epoch": 49, "em_score": {"max": 0.04146341606974602}, "f1_score": {"max": 0.21010634303092957}, "_wandb": {"runtime": 845}}