{"table_key": {"_type": "table-file", "sha256": "ad31908e9900339105ea8af47ab8a71338a562010ea619267f7002d8aa7dd763", "size": 50459, "artifact_path": "wandb-client-artifact://w38p5ndvok0c4lwpy0t1rg2m14puvtg3wf5aqe6xosanm9w257h91xa0vjp2ot714ymkiu1mltcow8sephmutsr2cmtsvit9bve50s3fuk9tl8jy9l3q2d4s0hzq4lq6:latest/table_key.table.json", "_latest_artifact_path": "wandb-client-artifact://w38p5ndvok0c4lwpy0t1rg2m14puvtg3wf5aqe6xosanm9w257h91xa0vjp2ot714ymkiu1mltcow8sephmutsr2cmtsvit9bve50s3fuk9tl8jy9l3q2d4s0hzq4lq6:latest/table_key.table.json", "path": "media/table/table_key_499_ad31908e9900339105ea.table.json", "ncols": 5, "nrows": 410}, "_timestamp": 1661944797.537093, "_runtime": 1826.9255418777466, "_step": 500, "learning rate/pg1": 1.18483031261621e-07, "learning rate/pg2": 1.18483031261621e-07, "trainer/global_step": 8009, "loss": 1.934276819229126, "epoch": 89, "em_score": {"max": 0.046341463923454285}, "f1_score": {"max": 0.20227614045143127}, "_wandb": {"runtime": 1830}}