{"table_key": {"_type": "table-file", "sha256": "5b6370f8765f1b2d0fa1d5e2a5e48ce33fbc948ca6a34269cfb29886a77bd889", "size": 493528, "artifact_path": "wandb-client-artifact://tywv5fevu3kueeni1n53vire76aa77n7gboeclituonv6m790b57b2q30vlm5cok6rnkufxc18ty4skreh3gzr9m57kklxnyuupnkelz674mdco54fzv570rtg7rz2mt:latest/table_key.table.json", "_latest_artifact_path": "wandb-client-artifact://tywv5fevu3kueeni1n53vire76aa77n7gboeclituonv6m790b57b2q30vlm5cok6rnkufxc18ty4skreh3gzr9m57kklxnyuupnkelz674mdco54fzv570rtg7rz2mt:latest/table_key.table.json", "path": "media/table/table_key_395_5b6370f8765f1b2d0fa1.table.json", "ncols": 5, "nrows": 4124}, "_timestamp": 1661787028.3254015, "_runtime": 9092.657574653625, "_step": 396, "learning rate/pg1": 1.0480272873146617e-06, "learning rate/pg2": 1.0480272873146615e-07, "trainer/global_step": 8939, "loss": 1.6982288360595703, "epoch": 19, "em_score": {"max": 0.036129970103502274}, "f1_score": {"max": 0.17560364305973053}, "_wandb": {"runtime": 9098}}