{"table_key": {"_type": "table-file", "sha256": "ea29e7ce18595bbf500161819511c12e9cb04ceedf244756f344a8fb0aae9655", "size": 50115, "artifact_path": "wandb-client-artifact://15mjsit5s4z5j7t3omj2c2hzkl7wm3ntwh40ggilz3t4xv2vtko6uib38jbmqesovvc6rqgq0uy5cgnufb01qomkgipjzryr848p0lffpm2vfo8d2vrpthxznl8ny0vb:latest/table_key.table.json", "_latest_artifact_path": "wandb-client-artifact://15mjsit5s4z5j7t3omj2c2hzkl7wm3ntwh40ggilz3t4xv2vtko6uib38jbmqesovvc6rqgq0uy5cgnufb01qomkgipjzryr848p0lffpm2vfo8d2vrpthxznl8ny0vb:latest/table_key.table.json", "path": "media/table/table_key_277_ea29e7ce18595bbf5001.table.json", "ncols": 5, "nrows": 410}, "_timestamp": 1661504732.9212554, "_runtime": 1904.6012034416199, "_step": 278, "learning rate/pg1": 1.2e-08, "learning rate/pg2": 1.1999999999999998e-09, "trainer/global_step": 4449, "loss": 0.22898852825164795, "epoch": 49, "em_score": {"max": 0.08292683213949203}, "f1_score": {"max": 0.2175009697675705}, "_wandb": {"runtime": 1910}}