{"table_key": {"_type": "table-file", "sha256": "2f755e6ed80675f84122a4400ac1ba7cdccee61155e3589a3d3708dda8ffd2ad", "size": 53710, "artifact_path": "wandb-client-artifact://oszc2gf396vq1eym09p3wt61uf8qi12rcnrkgi0rz0o8u4nz0gw2gfp0r6ekotpano0c7n07jk9es7c3b8qo563oo4twb4axfunvzjxpszfnksnkcxp30nqhr20duwl8:latest/table_key.table.json", "_latest_artifact_path": "wandb-client-artifact://oszc2gf396vq1eym09p3wt61uf8qi12rcnrkgi0rz0o8u4nz0gw2gfp0r6ekotpano0c7n07jk9es7c3b8qo563oo4twb4axfunvzjxpszfnksnkcxp30nqhr20duwl8:latest/table_key.table.json", "path": "media/table/table_key_147_2f755e6ed80675f84122.table.json", "ncols": 5, "nrows": 446}, "_timestamp": 1660304297, "_runtime": 490, "_step": 148, "learning rate/pg1": 0.0007438578621794872, "learning rate/pg2": 0.0007438578621794872, "trainer/global_step": 1663, "loss": 0.40322113037109375, "epoch": 7, "em_score": 0.05829596519470215, "f1_score": 0.17154724895954132, "_wandb": {"runtime": 489}}