{"learning rate/pg1": 0.0007559984507575758, "learning rate/pg2": 0.0007559984507575758, "trainer/global_step": 449, "_timestamp": 1659613137, "_runtime": 86, "_step": 35, "loss": 0.6386250853538513, "epoch": 7, "_wandb": {"runtime": 91}}