{"table_key": {"_type": "table-file", "sha256": "a4489c91c3fac74d7c3ad7c02b15ca60ba73013184c4889504ff8758421e5d32", "size": 495460, "artifact_path": "wandb-client-artifact://fzf2gyq4tgbrdm2axqt6oz3uweuj7a9hzjdu7htnpmce8sn5bwag9pjucpdk25fm2oe3t5lo8fnkl2ws24jeisi62iih5twuiy8cqjqwoc4f9yn0w5z25ln0ej13dh9l:latest/table_key.table.json", "_latest_artifact_path": "wandb-client-artifact://fzf2gyq4tgbrdm2axqt6oz3uweuj7a9hzjdu7htnpmce8sn5bwag9pjucpdk25fm2oe3t5lo8fnkl2ws24jeisi62iih5twuiy8cqjqwoc4f9yn0w5z25ln0ej13dh9l:latest/table_key.table.json", "path": "media/table/table_key_395_a4489c91c3fac74d7c3a.table.json", "ncols": 5, "nrows": 4124}, "_timestamp": 1661831688.2448652, "_runtime": 7898.25811624527, "_step": 396, "learning rate/pg1": 3.1440818619439846e-07, "learning rate/pg2": 1.0480272873146617e-08, "trainer/global_step": 8939, "loss": 1.753703236579895, "epoch": 19, "em_score": {"max": 0.03758486732840538}, "f1_score": {"max": 0.17485956847667694}, "_wandb": {"runtime": 7904}}