{"table_key": {"_type": "table-file", "sha256": "422d977a9f1b1936e56b7f50745ef86a4a01368f3b1dd716e0fe9849032da1fe", "size": 54826, "artifact_path": "wandb-client-artifact://4i8jnr6dwnvt1jj9gqoo7o9mqridyurpdbp04jeycar6gb2bl9bfz101j144lystc8ouzrj8ujkzy380odo44kg5buudy9a30e49kjmrdr4cah1vh273uag61mvsf9xy:latest/table_key.table.json", "_latest_artifact_path": "wandb-client-artifact://4i8jnr6dwnvt1jj9gqoo7o9mqridyurpdbp04jeycar6gb2bl9bfz101j144lystc8ouzrj8ujkzy380odo44kg5buudy9a30e49kjmrdr4cah1vh273uag61mvsf9xy:latest/table_key.table.json", "path": "media/table/table_key_417_422d977a9f1b1936e56b.table.json", "ncols": 5, "nrows": 455}, "_timestamp": 1660655525, "_runtime": 1546, "_step": 418, "em_score": 0.04395604506134987, "f1_score": 0.15607260167598724, "epoch": 89, "trainer/global_step": 3059, "learning rate/pg1": 0.0007382970986431977, "learning rate/pg2": 0.0007382970986431977, "loss": 0.028926819562911987, "_wandb": {"runtime": 1547}}