{"table_key": {"_type": "table-file", "sha256": "78a8b75efb622ab51e7436b4e721549935b871f1f9eb73f1bcde30e284971f3d", "size": 53601, "artifact_path": "wandb-client-artifact://obszo6qxvsfld3zyltxozwif5ww3227176498sl9m4ygkn5vritogafqw71wx70x4jyovtedchcuorq5ipsfqj20bk7f5ti9rnqev9j29xyitx4rz6qm0vwmab9yplwi:latest/table_key.table.json", "_latest_artifact_path": "wandb-client-artifact://obszo6qxvsfld3zyltxozwif5ww3227176498sl9m4ygkn5vritogafqw71wx70x4jyovtedchcuorq5ipsfqj20bk7f5ti9rnqev9j29xyitx4rz6qm0vwmab9yplwi:latest/table_key.table.json", "path": "media/table/table_key_135_78a8b75efb622ab51e74.table.json", "ncols": 5, "nrows": 446}, "_timestamp": 1660648603, "_runtime": 566, "_step": 136, "em_score": 0.060538116842508316, "f1_score": 0.159097820520401, "epoch": 29, "trainer/global_step": 989, "learning rate/pg1": 0.0007520796009070295, "learning rate/pg2": 0.0007520796009070295, "loss": 0.49227380752563477, "_wandb": {"runtime": 565}}