{"table_key": {"_type": "table-file", "sha256": "324a3c0f511c0827ce42a2f968de1324eb768c0edb31af04ba02bda0796a9b9b", "size": 50752, "artifact_path": "wandb-client-artifact://kvmcs6lnl6wrpowfkpv0umhi4khyvvitn7r5v9u6of1uvehbm8rr12991h2heu9wkazapkxf69jote8ycsnw9bax6a6qccyi41qd9yu0dh3iohj1zpo8pojwra5030ly:latest/table_key.table.json", "_latest_artifact_path": "wandb-client-artifact://kvmcs6lnl6wrpowfkpv0umhi4khyvvitn7r5v9u6of1uvehbm8rr12991h2heu9wkazapkxf69jote8ycsnw9bax6a6qccyi41qd9yu0dh3iohj1zpo8pojwra5030ly:latest/table_key.table.json", "path": "media/table/table_key_165_324a3c0f511c0827ce42.table.json", "ncols": 5, "nrows": 410}, "_timestamp": 1660883878.6828442, "_runtime": 546.0064392089844, "_step": 166, "learning rate/pg1": 2.8651304304302033e-08, "learning rate/pg2": 2.8651304304302033e-08, "trainer/global_step": 2669, "loss": 1.1020904779434204, "epoch": 29, "em_score": {"max": 0.026829268783330917}, "f1_score": {"max": 0.12064383924007416}, "_wandb": {"runtime": 552}}