{"table_key": {"_type": "table-file", "sha256": "07d6dc95ebbe54ed2b0c8ac3341519ee14aec79e5537e8447eea9621dbb2be92", "size": 50141, "artifact_path": "wandb-client-artifact://a3pnxqg8jx2m8ec84e479wa718bpgig9b9ybm8d4evcjzql3tsb2ln1ps20i18mk5r7lvgfz4siinchfxfva9ne6ais3knm8zc9pw9joi9se8poqanrrzxxvs5v63zx2:latest/table_key.table.json", "_latest_artifact_path": "wandb-client-artifact://a3pnxqg8jx2m8ec84e479wa718bpgig9b9ybm8d4evcjzql3tsb2ln1ps20i18mk5r7lvgfz4siinchfxfva9ne6ais3knm8zc9pw9joi9se8poqanrrzxxvs5v63zx2:latest/table_key.table.json", "path": "media/table/table_key_515_07d6dc95ebbe54ed2b0c.table.json", "ncols": 5, "nrows": 410}, "_timestamp": 1660651214, "_runtime": 1492, "_step": 516, "learning rate/pg1": 0.0007433227456445993, "learning rate/pg2": 0.0007433227456445993, "trainer/global_step": 5729, "loss": 0.03122277744114399, "epoch": 29, "em_score": 0.05609755963087082, "f1_score": 0.16427311301231384, "_wandb": {"runtime": 1492}}