{"table_key": {"_type": "table-file", "sha256": "aadc6c4da1cb6ce77dac3b3a26d4a402a9516ef82268dfb5059478dddd0496cd", "size": 50810, "artifact_path": "wandb-client-artifact://s8s8v7qxk10304c1afjhswziqcddpdfmtnmsjvda9g7n18xv7mg49j35q1n5meim7wa0oow5hfu0ysmjdvytvsdz5t01u7yznc511hg7zmio1twkrcrccuikn89xigfl:latest/table_key.table.json", "_latest_artifact_path": "wandb-client-artifact://s8s8v7qxk10304c1afjhswziqcddpdfmtnmsjvda9g7n18xv7mg49j35q1n5meim7wa0oow5hfu0ysmjdvytvsdz5t01u7yznc511hg7zmio1twkrcrccuikn89xigfl:latest/table_key.table.json", "path": "media/table/table_key_49_aadc6c4da1cb6ce77dac.table.json", "ncols": 5, "nrows": 410}, "_timestamp": 1660881159.6089168, "_runtime": 163.30465579032898, "_step": 50, "learning rate/pg1": 0.00029999888967093176, "learning rate/pg2": 0.00029999888967093176, "trainer/global_step": 800, "loss": 1.5272406339645386, "epoch": 8, "em_score": {"max": 0.03658536449074745}, "f1_score": {"max": 0.13028864562511444}}