{"table_key": {"_type": "table-file", "sha256": "f9da2254a5b3383d6abce2693d74b504992774c03b75b6e740359459b05b483f", "size": 57554, "artifact_path": "wandb-client-artifact://78qpmsz0n8zr4rzdrs3ar5f76ocaqt1dg417w49ew5416ljgj21c6i7v7qrmov3429ftwnvcku9n29oovkyx87hm6lmt78quwiltxkoufnm9nimdg2zu9p27ie69rtfy:latest/table_key.table.json", "_latest_artifact_path": "wandb-client-artifact://78qpmsz0n8zr4rzdrs3ar5f76ocaqt1dg417w49ew5416ljgj21c6i7v7qrmov3429ftwnvcku9n29oovkyx87hm6lmt78quwiltxkoufnm9nimdg2zu9p27ie69rtfy:latest/table_key.table.json", "path": "media/table/table_key_138_f9da2254a5b3383d6abc.table.json", "ncols": 5, "nrows": 479}, "_timestamp": 1660649161, "_runtime": 568, "_step": 139, "em_score": 0.060542795807123184, "f1_score": 0.15287290513515472, "epoch": 29, "trainer/global_step": 1019, "learning rate/pg1": 0.0007480039128540306, "learning rate/pg2": 0.0007480039128540306, "loss": 0.4375678598880768, "_wandb": {"runtime": 568}}