{"table_key": {"_type": "table-file", "sha256": "86c1a38b86403f906718d8295cc69b825b72823595ffd82f8ce6198cb2f99599", "size": 50408, "artifact_path": "wandb-client-artifact://jzq3agkuvdu7j8hae3h3nxh4m15pouwg1ukegz66189fcrl7s5s8pilmuoibs0eikmc54fxsni8464xr337vy2w2tspv4szq6j94gy15urobm1mpzs2pu0uu99q3p76v:latest/table_key.table.json", "_latest_artifact_path": "wandb-client-artifact://jzq3agkuvdu7j8hae3h3nxh4m15pouwg1ukegz66189fcrl7s5s8pilmuoibs0eikmc54fxsni8464xr337vy2w2tspv4szq6j94gy15urobm1mpzs2pu0uu99q3p76v:latest/table_key.table.json", "path": "media/table/table_key_499_86c1a38b86403f906718.table.json", "ncols": 5, "nrows": 410}, "_timestamp": 1661236581.5873144, "_runtime": 1391.9092984199524, "_step": 500, "learning rate/pg1": 3.5544909378486295e-08, "learning rate/pg2": 3.5544909378486295e-08, "trainer/global_step": 8009, "loss": 1.7535127401351929, "epoch": 89, "em_score": {"max": 0.060975611209869385}, "f1_score": {"max": 0.21475361287593842}, "_wandb": {"runtime": 1397}}