{"table_key": {"_type": "table-file", "sha256": "d7ec5e2c65e1a2a9e994ce410c803a8f780081a5a8fdf3a06b408d2990626ad6", "size": 50001, "artifact_path": "wandb-client-artifact://ye2gfl1f70y7utskxtl87n0mm401fini9ak1dscm0fcaq0iqnk27p39ecdxzxgndsk5fm24ozud1h6g43kvyj3vr7orcykstajz7hmslshcqklpyg4w2t4fst12e61sl:latest/table_key.table.json", "_latest_artifact_path": "wandb-client-artifact://ye2gfl1f70y7utskxtl87n0mm401fini9ak1dscm0fcaq0iqnk27p39ecdxzxgndsk5fm24ozud1h6g43kvyj3vr7orcykstajz7hmslshcqklpyg4w2t4fst12e61sl:latest/table_key.table.json", "path": "media/table/table_key_665_d7ec5e2c65e1a2a9e994.table.json", "ncols": 5, "nrows": 410}, "_timestamp": 1661475885.6443617, "_runtime": 2086.3248608112335, "_step": 666, "learning rate/pg1": 4.3731612306534884e-08, "learning rate/pg2": 4.3731612306534884e-08, "trainer/global_step": 10679, "loss": 1.4823073148727417, "epoch": 119, "em_score": {"max": 0.07804878056049347}, "f1_score": {"max": 0.2280673086643219}, "_wandb": {"runtime": 2086}}