{"table_key": {"_type": "table-file", "sha256": "56959d3348a7e49b2c250aa03b99cc435607483221a756dafcfed732a51380b0", "size": 51008, "artifact_path": "wandb-client-artifact://9furkkdz48t9fppyuoj6arwtb9qnv4hiqvwz66taqs5hyjt870bo896o1k95b5gs4b6upiteagt39be9eux30secdcvngqb75bxaykjn2pee4b0dfjxf89jch5njqmej:latest/table_key.table.json", "_latest_artifact_path": "wandb-client-artifact://9furkkdz48t9fppyuoj6arwtb9qnv4hiqvwz66taqs5hyjt870bo896o1k95b5gs4b6upiteagt39be9eux30secdcvngqb75bxaykjn2pee4b0dfjxf89jch5njqmej:latest/table_key.table.json", "path": "media/table/table_key_499_56959d3348a7e49b2c25.table.json", "ncols": 5, "nrows": 410}, "_timestamp": 1661238002.9868183, "_runtime": 1388.8493163585663, "_step": 500, "learning rate/pg1": 1.1848303126162098e-08, "learning rate/pg2": 1.1848303126162098e-08, "trainer/global_step": 8009, "loss": 1.8360178470611572, "epoch": 89, "em_score": {"max": 0.05609755963087082}, "f1_score": {"max": 0.21645578742027283}, "_wandb": {"runtime": 1392}}