{"table_key": {"_type": "table-file", "sha256": "f3069b1143500feb31665a61689d834048d36e24b2dd0d3abba8794b4b99f243", "size": 50654, "artifact_path": "wandb-client-artifact://fnsekbgwwpsmj441a6rd9hom6l6ul4dxfzhq9gwdpcanelby3anfexl1prv13z93wdwvc2saycvg0f587r8bvu4am4qgf8xpybypu0evbfdujjeo87j0jq8xzs6ej5aj:latest/table_key.table.json", "_latest_artifact_path": "wandb-client-artifact://fnsekbgwwpsmj441a6rd9hom6l6ul4dxfzhq9gwdpcanelby3anfexl1prv13z93wdwvc2saycvg0f587r8bvu4am4qgf8xpybypu0evbfdujjeo87j0jq8xzs6ej5aj:latest/table_key.table.json", "path": "media/table/table_key_665_f3069b1143500feb3166.table.json", "ncols": 5, "nrows": 410}, "_timestamp": 1661428988.5827427, "_runtime": 1849.2509596347809, "_step": 666, "learning rate/pg1": 4.3731612306534884e-08, "learning rate/pg2": 4.3731612306534884e-08, "trainer/global_step": 10679, "loss": 2.059861898422241, "epoch": 119, "em_score": {"max": 0.053658537566661835}, "f1_score": {"max": 0.2184162586927414}, "_wandb": {"runtime": 1849}}