{"table_key": {"_type": "table-file", "sha256": "8af03c5a64ac1ffb22d8cb44c6a8851051e9d48921a99b96153e12f199eeb4bd", "size": 51384, "artifact_path": "wandb-client-artifact://19tpgdbglrpgm0p858sbomguqj4uzhcs5ufxcg7f8z3j1zdk3x2efam000vkvkn47ambsx02k9c0fnwf6baqm6vbpu8bhh9hpzzr1e42mm19q6fpblbjjatgyrn7i6fn:latest/table_key.table.json", "_latest_artifact_path": "wandb-client-artifact://19tpgdbglrpgm0p858sbomguqj4uzhcs5ufxcg7f8z3j1zdk3x2efam000vkvkn47ambsx02k9c0fnwf6baqm6vbpu8bhh9hpzzr1e42mm19q6fpblbjjatgyrn7i6fn:latest/table_key.table.json", "path": "media/table/table_key_85_8af03c5a64ac1ffb22d8.table.json", "ncols": 5, "nrows": 410}, "_timestamp": 1660810515, "_runtime": 412, "_step": 86, "em_score": {"max": 0.08048780262470245}, "f1_score": {"max": 0.2307203710079193}, "epoch": 29, "trainer/global_step": 659, "learning rate/pg1": 3.4786337965348356e-07, "learning rate/pg2": 3.4786337965348356e-07, "loss": 0.6898322105407715, "_wandb": {"runtime": 411}}