{"table_key": {"_type": "table-file", "sha256": "f70bb8d89f795744a8d0ca1ef803509c7b7f87df54c4a3f6cf7b025970974dd4", "size": 50142, "artifact_path": "wandb-client-artifact://1537a1i749by8lyhhfmu7fon5j28oi1b5jjpvtoqeg6hotje3qji6gtu6u9ptc2sgqwitbrb70ln064gcfvqrcttmielkcw1oatkfdfej5rxo9vwphphulzvw07gvfzt:latest/table_key.table.json", "_latest_artifact_path": "wandb-client-artifact://1537a1i749by8lyhhfmu7fon5j28oi1b5jjpvtoqeg6hotje3qji6gtu6u9ptc2sgqwitbrb70ln064gcfvqrcttmielkcw1oatkfdfej5rxo9vwphphulzvw07gvfzt:latest/table_key.table.json", "path": "media/table/table_key_111_f70bb8d89f795744a8d0.table.json", "ncols": 5, "nrows": 410}, "_timestamp": 1660895394.3412457, "_runtime": 486.92342162132263, "_step": 112, "em_score": {"max": 0.07560975849628448}, "f1_score": {"max": 0.18986079096794128}, "epoch": 29, "trainer/global_step": 1319, "learning rate/pg1": 3.478633796534836e-06, "learning rate/pg2": 3.478633796534836e-06, "loss": 0.08316465467214584, "_wandb": {"runtime": 494}}