{"table_key": {"_type": "table-file", "sha256": "6d1fbd0916b2935935367f29ad39622fe214edd70c8d6aae51d60daf2799740d", "size": 53481, "artifact_path": "wandb-client-artifact://n6t13bkvqi0v3x5y5g006odct2d2evn0szq3b7bw4hmzwqo1rqvw8qcfmb5vhgveoultzwrxahgwloxm7gqphix84u1735bs6jjs7sluddh2cpve1q84cpz3u8jw8oje:latest/table_key.table.json", "_latest_artifact_path": "wandb-client-artifact://n6t13bkvqi0v3x5y5g006odct2d2evn0szq3b7bw4hmzwqo1rqvw8qcfmb5vhgveoultzwrxahgwloxm7gqphix84u1735bs6jjs7sluddh2cpve1q84cpz3u8jw8oje:latest/table_key.table.json", "path": "media/table/table_key_215_6d1fbd0916b293593536.table.json", "ncols": 5, "nrows": 431}, "_timestamp": 1660329533, "_runtime": 831, "_step": 216, "learning rate/pg1": 0.0007431945518763797, "learning rate/pg2": 0.0007431945518763797, "trainer/global_step": 2411, "loss": 0.7084585428237915, "epoch": 11, "em_score": 0.06728538125753403, "f1_score": 0.16542136669158936, "_wandb": {"runtime": 831}}