{"table_key": {"_type": "table-file", "sha256": "9849171c584eb5d8f92357c97515a02e25030b100357b89159d4f377bc5c53ad", "size": 50427, "artifact_path": "wandb-client-artifact://5d9r7tqc6lvul7t8fvqz5q1jy1octfue0o3ti1sv0w9rd0grw4x5mbdjng32gnsfe9rhotguc66vx9ncy683eidfyopv74up1u2656skw5x4yziha1bk4wz71goq2jes:latest/table_key.table.json", "_latest_artifact_path": "wandb-client-artifact://5d9r7tqc6lvul7t8fvqz5q1jy1octfue0o3ti1sv0w9rd0grw4x5mbdjng32gnsfe9rhotguc66vx9ncy683eidfyopv74up1u2656skw5x4yziha1bk4wz71goq2jes:latest/table_key.table.json", "path": "media/table/table_key_277_9849171c584eb5d8f923.table.json", "ncols": 5, "nrows": 410}, "_timestamp": 1661543735.6687865, "_runtime": 849.293021440506, "_step": 278, "learning rate/pg1": 1.2e-07, "learning rate/pg2": 1.2e-07, "trainer/global_step": 4449, "loss": 2.0416412353515625, "epoch": 49, "em_score": {"max": 0.039024390280246735}, "f1_score": {"max": 0.20798619091510773}, "_wandb": {"runtime": 849}}