{"table_key": {"_type": "table-file", "sha256": "ebd276ac321a262747e7b2c6619a2a75013be854f57f7cffe79398019cc87458", "size": 49684, "artifact_path": "wandb-client-artifact://303s5xo8xmtnr1vp1y02paaytp5ucl6pcs3fqkxnwrv1d49z01nreynh2dgz8ifd64wtra4zcaiadowvuymbfk5ntk0hyos6voncmja1xunmmpoa74dpdaet45mcxltj:latest/table_key.table.json", "_latest_artifact_path": "wandb-client-artifact://303s5xo8xmtnr1vp1y02paaytp5ucl6pcs3fqkxnwrv1d49z01nreynh2dgz8ifd64wtra4zcaiadowvuymbfk5ntk0hyos6voncmja1xunmmpoa74dpdaet45mcxltj:latest/table_key.table.json", "path": "media/table/table_key_277_ebd276ac321a262747e7.table.json", "ncols": 5, "nrows": 410}, "_timestamp": 1661509312.8505218, "_runtime": 842.134733915329, "_step": 278, "learning rate/pg1": 4e-09, "learning rate/pg2": 1.1999999999999998e-09, "trainer/global_step": 4449, "loss": 0.06969624012708664, "epoch": 49, "em_score": {"max": 0.0731707289814949}, "f1_score": {"max": 0.2081560492515564}, "_wandb": {"runtime": 847}}