{"table_key": {"_type": "table-file", "sha256": "eafdc80044cc474caa9cbef0dae728380c7050a0bcbccb06a8916d99c4e9ec2c", "size": 50983, "artifact_path": "wandb-client-artifact://9aih574ut1dcukloxcf66jf835rrzmit95kv9ay68ygbbwrki0iw5j1kxo1ayp9etyynrgoqbo4b4steh9g3a0pkposz70kedqiaqbsz21h70wgvx484hrgzjofprp5p:latest/table_key.table.json", "_latest_artifact_path": "wandb-client-artifact://9aih574ut1dcukloxcf66jf835rrzmit95kv9ay68ygbbwrki0iw5j1kxo1ayp9etyynrgoqbo4b4steh9g3a0pkposz70kedqiaqbsz21h70wgvx484hrgzjofprp5p:latest/table_key.table.json", "path": "media/table/table_key_125_eafdc80044cc474caa9c.table.json", "ncols": 5, "nrows": 410}, "_timestamp": 1660647441, "_runtime": 512, "_step": 126, "em_score": 0.060975611209869385, "f1_score": 0.1699703484773636, "epoch": 29, "trainer/global_step": 899, "learning rate/pg1": 0.0007407417777777778, "learning rate/pg2": 0.0007407417777777778, "loss": 0.3746829330921173, "_wandb": {"runtime": 513}}