{"table_key": {"_type": "table-file", "sha256": "3a13dd92b2246775aab50c8efae6b63c71a898b48a30ee7add2d372ce4377b13", "size": 49572, "artifact_path": "wandb-client-artifact://11rmvszhtkrni2a97peeog4gdh311snnw9334o19ejyek7rqhg663npwtbnd4im5dhag9gmy30wb7gj3tmytjg3em9g2hflhi2qkeyz7q6b897ep75p89rwkn96ha1pq:latest/table_key.table.json", "_latest_artifact_path": "wandb-client-artifact://11rmvszhtkrni2a97peeog4gdh311snnw9334o19ejyek7rqhg663npwtbnd4im5dhag9gmy30wb7gj3tmytjg3em9g2hflhi2qkeyz7q6b897ep75p89rwkn96ha1pq:latest/table_key.table.json", "path": "media/table/table_key_165_3a13dd92b2246775aab5.table.json", "ncols": 5, "nrows": 410}, "_timestamp": 1661239833.6300726, "_runtime": 534.925728559494, "_step": 166, "learning rate/pg1": 2.8651304304302033e-08, "learning rate/pg2": 2.8651304304302033e-08, "trainer/global_step": 2669, "loss": 3.1542487144470215, "epoch": 29, "em_score": {"max": 0.019512195140123367}, "f1_score": {"max": 0.15804888308048248}, "_wandb": {"runtime": 537}}