{"table_key": {"_type": "table-file", "sha256": "49866c6b6c5cce3f19aa8432e8de2359b9b61d2ac8b08ead3d4677893083bbe2", "size": 52495, "artifact_path": "wandb-client-artifact://9jfh5khie2gh4fq3cw7aphtylifszp69s3eo2ag8pcrtvshz4wkv04petlr0vbsuhom2i894k1oxvuelmyjjme182mrx2xkccq20cmygmjsj6rl87n8gu81dtdcp0i3q:latest/table_key.table.json", "_latest_artifact_path": "wandb-client-artifact://9jfh5khie2gh4fq3cw7aphtylifszp69s3eo2ag8pcrtvshz4wkv04petlr0vbsuhom2i894k1oxvuelmyjjme182mrx2xkccq20cmygmjsj6rl87n8gu81dtdcp0i3q:latest/table_key.table.json", "path": "media/table/table_key_165_49866c6b6c5cce3f19aa.table.json", "ncols": 5, "nrows": 410}, "_timestamp": 1661933790.5145352, "_runtime": 599.3779211044312, "_step": 166, "learning rate/pg1": 2.8651304304302033e-08, "learning rate/pg2": 2.8651304304302033e-08, "trainer/global_step": 2669, "loss": 3.127014398574829, "epoch": 29, "em_score": {"max": 0.009756097570061684}, "f1_score": {"max": 0.2122146487236023}, "_wandb": {"runtime": 599}}