{"table_key": {"_type": "table-file", "sha256": "b21d89c9410b2c1ff48221187c25c8851307ed1667d4390863201f72498e18c6", "size": 51381, "artifact_path": "wandb-client-artifact://nfz7khr1iodpnhutfv7r112b4zmpmjcymqsqndsc70j3owdvlxiyhfh15v4k7a0i28n23ppb4jr4z1l4v0urdefkv0nxtssf703j5d7dugma4f76jc1d69h85wkgw3ka:latest/table_key.table.json", "_latest_artifact_path": "wandb-client-artifact://nfz7khr1iodpnhutfv7r112b4zmpmjcymqsqndsc70j3owdvlxiyhfh15v4k7a0i28n23ppb4jr4z1l4v0urdefkv0nxtssf703j5d7dugma4f76jc1d69h85wkgw3ka:latest/table_key.table.json", "path": "media/table/table_key_111_b21d89c9410b2c1ff482.table.json", "ncols": 5, "nrows": 410}, "_timestamp": 1660872868.5726264, "_runtime": 473.078732252121, "_step": 112, "em_score": {"max": 0.08536585420370102}, "f1_score": {"max": 0.24058803915977478}, "epoch": 29, "trainer/global_step": 1319, "learning rate/pg1": 1.1595445988449453e-07, "learning rate/pg2": 1.1595445988449453e-07, "loss": 1.0176938772201538, "_wandb": {"runtime": 473}}