{"table_key": {"_type": "table-file", "sha256": "36d30b697f9431ecf4e1e18d20ecbc0b3119d7fb17f9a2d304acbdefeee6ae4d", "size": 603798, "artifact_path": "wandb-client-artifact://iomhwwo4153b52x65hn8g2xhwhi0rju4pp5ph5qw7x8j5m9ha4zlk1iya5sn9p1zrbimyo2djjl5vl8hi57cff45cu6q2e60rwh6dvhsc9vi2mj8ymb9zv8zzljswrdx:latest/table_key.table.json", "_latest_artifact_path": "wandb-client-artifact://iomhwwo4153b52x65hn8g2xhwhi0rju4pp5ph5qw7x8j5m9ha4zlk1iya5sn9p1zrbimyo2djjl5vl8hi57cff45cu6q2e60rwh6dvhsc9vi2mj8ymb9zv8zzljswrdx:latest/table_key.table.json", "path": "media/table/table_key_1379_36d30b697f9431ecf4e1.table.json", "ncols": 5, "nrows": 5037}, "_timestamp": 1660897888.6328037, "_runtime": 5473.601767778397, "_step": 1380, "learning rate/pg1": 3.9999999999999996e-10, "learning rate/pg2": 3.9999999999999996e-10, "trainer/global_step": 32999, "loss": 0.294754296541214, "epoch": 29, "em_score": {"max": 0.06352987885475159}, "f1_score": {"max": 0.1843033879995346}, "_wandb": {"runtime": 5474}}