{"table_key": {"_type": "table-file", "sha256": "928832e2df50c0bec71266522260895f5fe740f5f12ce1eeae061613a2892ef3", "size": 49921, "artifact_path": "wandb-client-artifact://14ekd9fvqkzr7ff2ia0nhgvqdt08ah86ntr0e6h72ee9b1ude2pqon4gc52rqr6m8flu38g7lcvnc3vq6n3oul76udpzwds6j7hd04wa0nlwme8tb5t1sd5lrugyip7w:latest/table_key.table.json", "_latest_artifact_path": "wandb-client-artifact://14ekd9fvqkzr7ff2ia0nhgvqdt08ah86ntr0e6h72ee9b1ude2pqon4gc52rqr6m8flu38g7lcvnc3vq6n3oul76udpzwds6j7hd04wa0nlwme8tb5t1sd5lrugyip7w:latest/table_key.table.json", "path": "media/table/table_key_111_928832e2df50c0bec712.table.json", "ncols": 5, "nrows": 410}, "_timestamp": 1660882508.1468363, "_runtime": 448.66910433769226, "_step": 112, "em_score": {"max": 0.024390242993831635}, "f1_score": {"max": 0.10300572216510773}, "epoch": 29, "trainer/global_step": 1319, "learning rate/pg1": 1.1595445988449453e-07, "learning rate/pg2": 1.1595445988449453e-07, "loss": 1.1656063795089722, "_wandb": {"runtime": 453}}