{"table_key": {"_type": "table-file", "sha256": "f7549125da197acb09b474168ad390cfa5e22572df3781cff923894a83a243ba", "size": 49471, "artifact_path": "wandb-client-artifact://3dpkvi04po51zsj133ovfqkou547ikv1chpcoj3sgpa1rrx3ytoonvnc0dcioaxal5l1v7b6pttokscljzwb4rrgzzmcivc8wputdm8uwp58kpdmlp2kwgp0nmaaigl0:latest/table_key.table.json", "_latest_artifact_path": "wandb-client-artifact://3dpkvi04po51zsj133ovfqkou547ikv1chpcoj3sgpa1rrx3ytoonvnc0dcioaxal5l1v7b6pttokscljzwb4rrgzzmcivc8wputdm8uwp58kpdmlp2kwgp0nmaaigl0:latest/table_key.table.json", "path": "media/table/table_key_499_f7549125da197acb09b4.table.json", "ncols": 5, "nrows": 410}, "_timestamp": 1661946229.69456, "_runtime": 1599.011458158493, "_step": 500, "learning rate/pg1": 1.1848303126162098e-08, "learning rate/pg2": 1.1848303126162098e-08, "trainer/global_step": 8009, "loss": 0.8935977816581726, "epoch": 89, "em_score": {"max": 0.053658537566661835}, "f1_score": {"max": 0.21315601468086243}, "_wandb": {"runtime": 1600}}