{"table_key": {"_type": "table-file", "sha256": "2a8e69493a63c93c4d5feb70ff4a17dd0cd32502bc0111fd2316fb4ffa8c407e", "size": 50543, "artifact_path": "wandb-client-artifact://19h8mpnwvrzopll4r2z0b8dh40rajgxhonqp791jfdzi5d25gcxg99nb0tahwv32b195ss632564vbxil19wtcuu9hiyy74rdd0kac26vo4bhrbi02e8wexq5nfn32iq:latest/table_key.table.json", "_latest_artifact_path": "wandb-client-artifact://19h8mpnwvrzopll4r2z0b8dh40rajgxhonqp791jfdzi5d25gcxg99nb0tahwv32b195ss632564vbxil19wtcuu9hiyy74rdd0kac26vo4bhrbi02e8wexq5nfn32iq:latest/table_key.table.json", "path": "media/table/table_key_111_2a8e69493a63c93c4d5f.table.json", "ncols": 5, "nrows": 410}, "_timestamp": 1660882990.7539213, "_runtime": 449.76385736465454, "_step": 112, "em_score": {"max": 0.06829268485307693}, "f1_score": {"max": 0.17740467190742493}, "epoch": 29, "trainer/global_step": 1319, "learning rate/pg1": 1.1595445988449453e-06, "learning rate/pg2": 1.1595445988449453e-06, "loss": 0.30108749866485596, "_wandb": {"runtime": 453}}