{"table_key": {"_type": "table-file", "sha256": "262a3d39c07f7d888c0165b0497f64bdb5b88566bab43f95d03bc1dfab5237d3", "size": 52847, "artifact_path": "wandb-client-artifact://pcxikc1bbi8ivprns48nxfu61uwsczlrp3dra4q8rkaye1gk47bj6huhwlbqo2flujo6wpgrj2s3mfbnzh3obgoz67ozpzyaj8rbemcbljyt4l9uxjala81q16mive51:latest/table_key.table.json", "_latest_artifact_path": "wandb-client-artifact://pcxikc1bbi8ivprns48nxfu61uwsczlrp3dra4q8rkaye1gk47bj6huhwlbqo2flujo6wpgrj2s3mfbnzh3obgoz67ozpzyaj8rbemcbljyt4l9uxjala81q16mive51:latest/table_key.table.json", "path": "media/table/table_key_87_262a3d39c07f7d888c01.table.json", "ncols": 5, "nrows": 431}, "_timestamp": 1660646877, "_runtime": 340, "_step": 88, "em_score": 0.05800464004278183, "f1_score": 0.16718025505542755, "epoch": 19, "trainer/global_step": 639, "learning rate/pg1": 0.0007602348771929825, "learning rate/pg2": 0.0007602348771929825, "loss": 0.6613955497741699, "_wandb": {"runtime": 340}}