{"table_key": {"_type": "table-file", "sha256": "d1fa70dd244557b54ca5bec43dbc4e952fa5fc666286b91e7a628a2100632f14", "size": 49625, "artifact_path": "wandb-client-artifact://15izf9ej8lnlvbxeja39lbahew307obh1meqnekwf5l9faj185459agdjdltd79blb7nsrt6yfckbqvtyx4be4gg29kuxbhmvtk70mc11hk8g27zlm64el7dfel6djlq:latest/table_key.table.json", "_latest_artifact_path": "wandb-client-artifact://15izf9ej8lnlvbxeja39lbahew307obh1meqnekwf5l9faj185459agdjdltd79blb7nsrt6yfckbqvtyx4be4gg29kuxbhmvtk70mc11hk8g27zlm64el7dfel6djlq:latest/table_key.table.json", "path": "media/table/table_key_165_d1fa70dd244557b54ca5.table.json", "ncols": 5, "nrows": 410}, "_timestamp": 1661496672.6700351, "_runtime": 548.3749771118164, "_step": 166, "learning rate/pg1": 8.595391291290609e-07, "learning rate/pg2": 8.595391291290609e-07, "trainer/global_step": 2669, "loss": 0.026871204376220703, "epoch": 29, "em_score": {"max": 0.07073170691728592}, "f1_score": {"max": 0.20950250327587128}, "_wandb": {"runtime": 548}}