{"table_key": {"_type": "table-file", "sha256": "59a1e580f69e2227901dbf6f5df996e07acb4c39d564bff844d062ee493afc7a", "size": 146745, "artifact_path": "wandb-client-artifact://13w4f7y2j78x2elq2dj4eki9ngsy0nl26kbodo2a29d78wt64hzkdjmfw3gib5iwd65ap8bd11dbtejefmel75x62w0nhnwy00ao9cxihtg3a2h68yrq531est191ja2:latest/table_key.table.json", "_latest_artifact_path": "wandb-client-artifact://13w4f7y2j78x2elq2dj4eki9ngsy0nl26kbodo2a29d78wt64hzkdjmfw3gib5iwd65ap8bd11dbtejefmel75x62w0nhnwy00ao9cxihtg3a2h68yrq531est191ja2:latest/table_key.table.json", "path": "media/table/table_key_13_59a1e580f69e2227901d.table.json", "ncols": 5, "nrows": 410}, "_timestamp": 1660289540, "_runtime": 74, "_step": 22, "learning rate/pg1": 0.0005616935835879527, "learning rate/pg2": 0.0005616935835879527, "trainer/global_step": 249, "loss": 1.4374295473098755, "epoch": 1, "em_score": 0.03414634242653847, "f1_score": 0.2153570055961609}