{"table_key": {"_type": "table-file", "sha256": "b5bf75cc56f4cd46c1ed4b4ed7eb7c72520f9d3149eba3d8c4eec1608148ccff", "size": 50052, "artifact_path": "wandb-client-artifact://ku5it97n800v1mn3a9j3w7xueg46hx0raan7tg6fol3spujsn4ckp5l9wvrt2tjealqroqta34w1h72vysqjovt44t7b2vyuacnnxodv3e6to9fqcn4mcqzaj74gepgb:latest/table_key.table.json", "_latest_artifact_path": "wandb-client-artifact://ku5it97n800v1mn3a9j3w7xueg46hx0raan7tg6fol3spujsn4ckp5l9wvrt2tjealqroqta34w1h72vysqjovt44t7b2vyuacnnxodv3e6to9fqcn4mcqzaj74gepgb:latest/table_key.table.json", "path": "media/table/table_key_111_b5bf75cc56f4cd46c1ed.table.json", "ncols": 5, "nrows": 410}, "_timestamp": 1660875210.0111845, "_runtime": 439.86178755760193, "_step": 112, "em_score": {"max": 0.0219512190669775}, "f1_score": {"max": 0.11392046511173248}, "epoch": 29, "trainer/global_step": 1319, "learning rate/pg1": 1.1595445988449453e-07, "learning rate/pg2": 1.1595445988449453e-07, "loss": 1.1886920928955078, "_wandb": {"runtime": 440}}