{"learning rate/pg1": 0.000748978509202454, "learning rate/pg2": 0.000748978509202454, "trainer/global_step": 1699, "_timestamp": 1659700105, "_runtime": 307, "_step": 135, "loss": 0.8150098919868469, "epoch": 7, "_wandb": {"runtime": 314}}