{"table_key": {"_type": "table-file", "sha256": "93a2e6bccceba063219c26317b9a1de2e52bab00981179a1aca275d6b69f481f", "size": 49787, "artifact_path": "wandb-client-artifact://8rvm6jhikx92ax9ksbxc0p64263lrj8zu5w7g7sk5amyfwgse2v5k8xs5l9xugu5rhdsiafk470zr7o1tcf4qkpk4u1p9mimv26le0bw0zln4ora7hsek9tiiy9li979:latest/table_key.table.json", "_latest_artifact_path": "wandb-client-artifact://8rvm6jhikx92ax9ksbxc0p64263lrj8zu5w7g7sk5amyfwgse2v5k8xs5l9xugu5rhdsiafk470zr7o1tcf4qkpk4u1p9mimv26le0bw0zln4ora7hsek9tiiy9li979:latest/table_key.table.json", "path": "media/table/table_key_165_93a2e6bccceba063219c.table.json", "ncols": 5, "nrows": 410}, "_timestamp": 1660894303.8265166, "_runtime": 552.509795665741, "_step": 166, "learning rate/pg1": 2.8651304304302033e-06, "learning rate/pg2": 2.8651304304302033e-06, "trainer/global_step": 2669, "loss": 0.1348763108253479, "epoch": 29, "em_score": {"max": 0.07560975849628448}, "f1_score": {"max": 0.22006748616695404}, "_wandb": {"runtime": 558}}