{"learning rate/pg1": 0.0007481620603948897, "learning rate/pg2": 0.0007481620603948897, "trainer/global_step": 1527, "_timestamp": 1660266840, "_runtime": 365, "_step": 127, "loss": 0.9307736158370972, "epoch": 7, "em_score": 0.07073170691728592, "f1_score": 0.17713887989521027, "_wandb": {"runtime": 367}}