{"table_key": {"_type": "table-file", "sha256": "3bca9b7130e58e7911a7d5c9dbe6fb3ad30cc17d7ede54d7cd5ccd5fb3a0f1fe", "size": 50741, "artifact_path": "wandb-client-artifact://dnaq5avr6x4nt6ot6roa1m9pw9i28a00se1g9vdhqkyytpmlyg5udcws5fq1p2lvfozt8gm9bfkt9usuv3okp83bklvh3n8l0znnqu78lnk8xkqdpptgfpaouzuct25o:latest/table_key.table.json", "_latest_artifact_path": "wandb-client-artifact://dnaq5avr6x4nt6ot6roa1m9pw9i28a00se1g9vdhqkyytpmlyg5udcws5fq1p2lvfozt8gm9bfkt9usuv3okp83bklvh3n8l0znnqu78lnk8xkqdpptgfpaouzuct25o:latest/table_key.table.json", "path": "media/table/table_key_165_3bca9b7130e58e7911a7.table.json", "ncols": 5, "nrows": 410}, "_timestamp": 1661237619.0728257, "_runtime": 525.8333177566528, "_step": 166, "learning rate/pg1": 2.8651304304302033e-06, "learning rate/pg2": 2.8651304304302033e-06, "trainer/global_step": 2669, "loss": 2.1329519748687744, "epoch": 29, "em_score": {"max": 0.039024390280246735}, "f1_score": {"max": 0.20972241461277008}, "_wandb": {"runtime": 527}}