{"table_key": {"_type": "table-file", "sha256": "ddb4a958df95996bb72852a6022202bb23c4245903212eeada4f5bcf13ee0be8", "size": 51652, "artifact_path": "wandb-client-artifact://bojhwbhny1f9bk22utvlmgx6u1rzek6iyuwgiy7lo07l2bnlnipnq6cp40xazez7a2bctvicfbxqu5xhx6sz3gafmavpouxih1ideoatlrr6que1n3muu25vfew33l14:latest/table_key.table.json", "_latest_artifact_path": "wandb-client-artifact://bojhwbhny1f9bk22utvlmgx6u1rzek6iyuwgiy7lo07l2bnlnipnq6cp40xazez7a2bctvicfbxqu5xhx6sz3gafmavpouxih1ideoatlrr6que1n3muu25vfew33l14:latest/table_key.table.json", "path": "media/table/table_key_665_ddb4a958df95996bb728.table.json", "ncols": 5, "nrows": 410}, "_timestamp": 1661428368.2401936, "_runtime": 1811.016619682312, "_step": 666, "learning rate/pg1": 4.3731612306534884e-08, "learning rate/pg2": 4.3731612306534884e-08, "trainer/global_step": 10679, "loss": 2.3404176235198975, "epoch": 119, "em_score": {"max": 0.043902438133955}, "f1_score": {"max": 0.21583659946918488}, "_wandb": {"runtime": 1811}}