{"table_key": {"_type": "table-file", "sha256": "449c762a3633959b3b2b26e88711311874b5a983b6fae3f4ec280691a33e4af8", "size": 603561, "artifact_path": "wandb-client-artifact://hh0x6fa2yczoifg72v10h08dv4ezizmyrhouwp8p0iukq9ovdzr7s3hh7dxmluflehdqbt5kbisoldf6ftilvs2qkr98j6ge4xpgcwihxu0690trwpryrbydde3mczfs:latest/table_key.table.json", "_latest_artifact_path": "wandb-client-artifact://hh0x6fa2yczoifg72v10h08dv4ezizmyrhouwp8p0iukq9ovdzr7s3hh7dxmluflehdqbt5kbisoldf6ftilvs2qkr98j6ge4xpgcwihxu0690trwpryrbydde3mczfs:latest/table_key.table.json", "path": "media/table/table_key_1515_449c762a3633959b3b2b.table.json", "ncols": 5, "nrows": 5037}, "_timestamp": 1660649694, "_runtime": 5343, "_step": 1516, "learning rate/pg1": 7.415171029425679e-05, "learning rate/pg2": 7.415171029425679e-05, "trainer/global_step": 18791, "loss": 0.9772399067878723, "epoch": 7, "em_score": 0.061544571071863174, "f1_score": 0.160298690199852, "_wandb": {"runtime": 5344}}