{"table_key": {"_type": "table-file", "sha256": "1a0dbf9edda45d7a5d09ec34e982bebbaee1890d7600727efd59c5e98973c206", "size": 49936, "artifact_path": "wandb-client-artifact://15e5jg9gvmw36si3gtshuy58pl31e2fhlhk5geywpromh12pysd9ekg3zlbbp2uqhu4s1vwuqekllbbmzlxakv9ozbvs18d6iro7cw02yzub1m1f16c9urn27in3s5gv:latest/table_key.table.json", "_latest_artifact_path": "wandb-client-artifact://15e5jg9gvmw36si3gtshuy58pl31e2fhlhk5geywpromh12pysd9ekg3zlbbp2uqhu4s1vwuqekllbbmzlxakv9ozbvs18d6iro7cw02yzub1m1f16c9urn27in3s5gv:latest/table_key.table.json", "path": "media/table/table_key_187_1a0dbf9edda45d7a5d09.table.json", "ncols": 5, "nrows": 410}, "_timestamp": 1661507888.6301043, "_runtime": 1509.7769162654877, "_step": 188, "em_score": {"max": 0.060975611209869385}, "f1_score": {"max": 0.21729260683059692}, "epoch": 49, "trainer/global_step": 2199, "learning rate/pg1": 1.2e-08, "learning rate/pg2": 1.2e-08, "loss": 1.2504332065582275, "_wandb": {"runtime": 1525}}