{"table_key": {"_type": "table-file", "sha256": "c0787a60b995742259b388ccaefdf8392d77a7e676056f3c04224ba23453f5d5", "size": 49877, "artifact_path": "wandb-client-artifact://144xj3z4mz7cq51w2hxwj4g0186f5x34g622q21xnasvti0vn5srsjpbpybp2x1fsyxnxxlnwvmzmrrtgy2vfma3uoaghuv6970xyml71sbmlrolau8po02ne0znraqw:latest/table_key.table.json", "_latest_artifact_path": "wandb-client-artifact://144xj3z4mz7cq51w2hxwj4g0186f5x34g622q21xnasvti0vn5srsjpbpybp2x1fsyxnxxlnwvmzmrrtgy2vfma3uoaghuv6970xyml71sbmlrolau8po02ne0znraqw:latest/table_key.table.json", "path": "media/table/table_key_277_c0787a60b995742259b3.table.json", "ncols": 5, "nrows": 410}, "_timestamp": 1661861631.0310388, "_runtime": 848.5840518474579, "_step": 278, "learning rate/pg1": 4e-09, "learning rate/pg2": 4e-09, "trainer/global_step": 4449, "loss": 0.06355011463165283, "epoch": 49, "em_score": {"max": 0.08780487626791}, "f1_score": {"max": 0.2207305133342743}, "_wandb": {"runtime": 848}}