{"table_key": {"_type": "table-file", "sha256": "434d19c7f54297254656dd77d92d8f8a049f0d69c83f189c6fa8bd998f4e0f1a", "size": 92233, "artifact_path": "wandb-client-artifact://cen4yfqsuc8b3y4se1uwnxtmx1cxw21u4uvj9vjfi3j16a72gep2ffegm2zrv7j43tlvhb3nkm44bwtp7mid4nctwen4wbxql9t6jraser047w4tyiuocmslxsop8dth:latest/table_key.table.json", "_latest_artifact_path": "wandb-client-artifact://cen4yfqsuc8b3y4se1uwnxtmx1cxw21u4uvj9vjfi3j16a72gep2ffegm2zrv7j43tlvhb3nkm44bwtp7mid4nctwen4wbxql9t6jraser047w4tyiuocmslxsop8dth:latest/table_key.table.json", "path": "media/table/table_key_9_434d19c7f54297254656.table.json", "ncols": 5, "nrows": 410}, "_timestamp": 1661938664.5347838, "_runtime": 161.51985692977905, "_step": 9, "learning rate/pg1": 4.90857886725971e-05, "learning rate/pg2": 4.90857886725971e-05, "trainer/global_step": 149, "loss": 11.053632736206055, "epoch": 1, "em_score": {"max": 0.0}, "f1_score": {"max": 0.0005230930401012301}}