{"table_key": {"_type": "table-file", "sha256": "8fec6d084987b7b23dfd14b74b49761a4adc6e06f9620a193153fa71b751c282", "size": 51127, "artifact_path": "wandb-client-artifact://dr0gfw1yb7f2tnqwqq8nux8l60yas2ovyqh8yhc2nrq8fnf22fhm1vhemzkeq1s1j8hyy6j3bj245n8zan6qkl77qxf5cbi78g7kxcxlp7ux8jgsc1bgj5b10cdnfbxr:latest/table_key.table.json", "_latest_artifact_path": "wandb-client-artifact://dr0gfw1yb7f2tnqwqq8nux8l60yas2ovyqh8yhc2nrq8fnf22fhm1vhemzkeq1s1j8hyy6j3bj245n8zan6qkl77qxf5cbi78g7kxcxlp7ux8jgsc1bgj5b10cdnfbxr:latest/table_key.table.json", "path": "media/table/table_key_165_8fec6d084987b7b23dfd.table.json", "ncols": 5, "nrows": 410}, "_timestamp": 1660814981, "_runtime": 1563, "_step": 166, "learning rate/pg1": 2.8651304304302033e-08, "learning rate/pg2": 2.8651304304302033e-08, "trainer/global_step": 2669, "loss": 0.9592217803001404, "epoch": 29, "em_score": {"max": 0.08780487626791}, "f1_score": {"max": 0.24866338074207306}, "_wandb": {"runtime": 1549}}