{"table_key": {"_type": "table-file", "sha256": "477a52f45458a25a51408ac6c17d32878305ea396c46640ee87a4eaa0aa1f14c", "size": 43787, "artifact_path": "wandb-client-artifact://vk8upy3gig4newt0bu4fwqb257cwc3xfblnq9o832zqcuhv6c1mszvk7u09igct44z1ms711qpogyurwwh7r6xearfwwbu3whdigi3xuiurw0birs5fj78086wohnhg4:latest/table_key.table.json", "_latest_artifact_path": "wandb-client-artifact://vk8upy3gig4newt0bu4fwqb257cwc3xfblnq9o832zqcuhv6c1mszvk7u09igct44z1ms711qpogyurwwh7r6xearfwwbu3whdigi3xuiurw0birs5fj78086wohnhg4:latest/table_key.table.json", "path": "media/table/table_key_499_477a52f45458a25a5140.table.json", "ncols": 5, "nrows": 410}, "_timestamp": 1661932436.7448223, "_runtime": 1540.216848373413, "_step": 500, "learning rate/pg1": 1.1848303126162098e-08, "learning rate/pg2": 1.1848303126162098e-08, "trainer/global_step": 8009, "loss": 0.02213284745812416, "epoch": 89, "em_score": {"max": 0.02926829271018505}, "f1_score": {"max": 0.14932048320770264}, "_wandb": {"runtime": 1540}}