{"table_key": {"_type": "table-file", "sha256": "15d42c019ed3b3f37a01832bc29be07a7fa73c9b7d12609fa01a175fbd9368be", "size": 50807, "artifact_path": "wandb-client-artifact://nxqlw9o5o7jdy85glw3g1on3hi3sefmg2f6ykuvnf5df5orr3nsjxaqqrp3w0gcxdkj8iseiahc1z100ib4mkhp3rge2lofy8d4nsues9lbv0zhogmcof8w2haq192pu:latest/table_key.table.json", "_latest_artifact_path": "wandb-client-artifact://nxqlw9o5o7jdy85glw3g1on3hi3sefmg2f6ykuvnf5df5orr3nsjxaqqrp3w0gcxdkj8iseiahc1z100ib4mkhp3rge2lofy8d4nsues9lbv0zhogmcof8w2haq192pu:latest/table_key.table.json", "path": "media/table/table_key_277_15d42c019ed3b3f37a01.table.json", "ncols": 5, "nrows": 410}, "_timestamp": 1661544996.5451412, "_runtime": 765.7220332622528, "_step": 278, "learning rate/pg1": 1.2e-08, "learning rate/pg2": 1.2e-08, "trainer/global_step": 4449, "loss": 1.9023106098175049, "epoch": 49, "em_score": {"max": 0.04878048598766327}, "f1_score": {"max": 0.2174631953239441}, "_wandb": {"runtime": 766}}