{"table_key": {"_type": "table-file", "sha256": "7b4d374c8d3479ac3e1e6d3c477de2b977a94210476c71fcc045d11cbff61acb", "size": 50159, "artifact_path": "wandb-client-artifact://45wkrl3h4kem4wn7i36atcbzkw7oiegygv6rtc5lj84ai37wdar3sud0vnjb4gujbrk86fbr47c2k3absn3ezwhu1oyjg5wqedwrqujyx3phs3ekgy4vxo6y22oh73k3:latest/table_key.table.json", "_latest_artifact_path": "wandb-client-artifact://45wkrl3h4kem4wn7i36atcbzkw7oiegygv6rtc5lj84ai37wdar3sud0vnjb4gujbrk86fbr47c2k3absn3ezwhu1oyjg5wqedwrqujyx3phs3ekgy4vxo6y22oh73k3:latest/table_key.table.json", "path": "media/table/table_key_499_7b4d374c8d3479ac3e1e.table.json", "ncols": 5, "nrows": 410}, "_timestamp": 1661946421.317605, "_runtime": 1560.5838799476624, "_step": 500, "learning rate/pg1": 1.18483031261621e-09, "learning rate/pg2": 1.18483031261621e-09, "trainer/global_step": 8009, "loss": 2.101433038711548, "epoch": 89, "em_score": {"max": 0.060975611209869385}, "f1_score": {"max": 0.21968874335289001}, "_wandb": {"runtime": 1562}}