{"table_key": {"_type": "table-file", "sha256": "b05a2527f6f62b2b5c81625f807b220186431608c6b105b1912895e65fc78c94", "size": 50223, "artifact_path": "wandb-client-artifact://wwtxpakoywc5dqnkgtajsw4gqlb923x5lr151tf3jxhum0dr8vjsphjm2dvurhg9we52ok9nrbw3jwu4zvjuoxwdbracg6fnmqq83pcu3bq7kea461mu6qal0rq3xvit:latest/table_key.table.json", "_latest_artifact_path": "wandb-client-artifact://wwtxpakoywc5dqnkgtajsw4gqlb923x5lr151tf3jxhum0dr8vjsphjm2dvurhg9we52ok9nrbw3jwu4zvjuoxwdbracg6fnmqq83pcu3bq7kea461mu6qal0rq3xvit:latest/table_key.table.json", "path": "media/table/table_key_111_b05a2527f6f62b2b5c81.table.json", "ncols": 5, "nrows": 410}, "_timestamp": 1660809536, "_runtime": 551, "_step": 112, "em_score": {"max": 0.08536585420370102}, "f1_score": {"max": 0.22298987209796906}, "epoch": 29, "trainer/global_step": 1319, "learning rate/pg1": 1.1595445988449453e-06, "learning rate/pg2": 1.1595445988449453e-06, "loss": 0.0639081746339798, "_wandb": {"runtime": 550}}