{"table_key": {"_type": "table-file", "sha256": "f74a40c3b8bc84be41f17e9fed0008e3a1590ef28906ff235c525b334d711408", "size": 49948, "artifact_path": "wandb-client-artifact://ic1j3ba2qw5mr2dcbb6etyh4n8q7rhvox4uznkdwqlrisc494yj8zxmd55zdh79kn7xehe8qjhd5661onkxvyoauhb2rtdg7p95nami0tfm0xhtcuvvotuylmgklxde1:latest/table_key.table.json", "_latest_artifact_path": "wandb-client-artifact://ic1j3ba2qw5mr2dcbb6etyh4n8q7rhvox4uznkdwqlrisc494yj8zxmd55zdh79kn7xehe8qjhd5661onkxvyoauhb2rtdg7p95nami0tfm0xhtcuvvotuylmgklxde1:latest/table_key.table.json", "path": "media/table/table_key_277_f74a40c3b8bc84be41f1.table.json", "ncols": 5, "nrows": 410}, "_timestamp": 1661510220.7030632, "_runtime": 879.4398753643036, "_step": 278, "learning rate/pg1": 4e-09, "learning rate/pg2": 3.9999999999999996e-10, "trainer/global_step": 4449, "loss": 0.18883399665355682, "epoch": 49, "em_score": {"max": 0.07073170691728592}, "f1_score": {"max": 0.21617700159549713}, "_wandb": {"runtime": 882}}