{"table_key": {"_type": "table-file", "sha256": "d89ae12d443db2222d8ad62684233491ed39fdbfc2f9dc65ec8d29668d229941", "size": 50317, "artifact_path": "wandb-client-artifact://cne50gddabs32jo0tnmpm9yztk6jd335rfnzs3z4l343vqf6a8y8ou1uh6xdv2g4sc18zqdnv5ub8tw8ms2la3rqox608txv26vu15srq6bcv0ygi9q4aduporfkg0aq:latest/table_key.table.json", "_latest_artifact_path": "wandb-client-artifact://cne50gddabs32jo0tnmpm9yztk6jd335rfnzs3z4l343vqf6a8y8ou1uh6xdv2g4sc18zqdnv5ub8tw8ms2la3rqox608txv26vu15srq6bcv0ygi9q4aduporfkg0aq:latest/table_key.table.json", "path": "media/table/table_key_165_d89ae12d443db2222d8a.table.json", "ncols": 5, "nrows": 410}, "_timestamp": 1660893184.0582001, "_runtime": 518.8581500053406, "_step": 166, "learning rate/pg1": 8.595391291290609e-07, "learning rate/pg2": 8.595391291290609e-07, "trainer/global_step": 2669, "loss": 0.018662964925169945, "epoch": 29, "em_score": {"max": 0.0731707289814949}, "f1_score": {"max": 0.1969824880361557}, "_wandb": {"runtime": 521}}