{"table_key": {"_type": "table-file", "sha256": "2443026e56ce9faf8cf72bf619fd8b78b9f9c1753844dc1682c0337e169831b3", "size": 49649, "artifact_path": "wandb-client-artifact://14md2dc9kdklzushfr5n5ijulriu2y67rwtic9zv1rlg7c4u1vjtuu7uqn0wbeji1i7vg1yxlizajx1cmeq1xnjksgl9mwik5w9h6xqicrwjwcb0k56uowpenmge5xgx:latest/table_key.table.json", "_latest_artifact_path": "wandb-client-artifact://14md2dc9kdklzushfr5n5ijulriu2y67rwtic9zv1rlg7c4u1vjtuu7uqn0wbeji1i7vg1yxlizajx1cmeq1xnjksgl9mwik5w9h6xqicrwjwcb0k56uowpenmge5xgx:latest/table_key.table.json", "path": "media/table/table_key_111_2443026e56ce9faf8cf7.table.json", "ncols": 5, "nrows": 410}, "_timestamp": 1660885985.8481345, "_runtime": 448.31665444374084, "_step": 112, "em_score": {"max": 0.014634146355092525}, "f1_score": {"max": 0.09760601818561554}, "epoch": 29, "trainer/global_step": 1319, "learning rate/pg1": 1.1595445988449453e-07, "learning rate/pg2": 1.1595445988449453e-07, "loss": 1.1945236921310425, "_wandb": {"runtime": 450}}