{"table_key": {"_type": "table-file", "sha256": "736c7fbaad926c00439c3637adb0b43fd32fc23f3fdefb15117096481305b087", "size": 598355, "artifact_path": "wandb-client-artifact://16dn2cgata3ljxyxs2a7c2gy73s4c7c6rohpfsouxnyrj8aqz71e8igboq0osgi2xbljl1nqxy112zxdzvul8fvjki58h1tydttxhu1pf4nj01fj4f7cy3idogbqzsxg:latest/table_key.table.json", "_latest_artifact_path": "wandb-client-artifact://16dn2cgata3ljxyxs2a7c2gy73s4c7c6rohpfsouxnyrj8aqz71e8igboq0osgi2xbljl1nqxy112zxdzvul8fvjki58h1tydttxhu1pf4nj01fj4f7cy3idogbqzsxg:latest/table_key.table.json", "path": "media/table/table_key_719_736c7fbaad926c00439c.table.json", "ncols": 5, "nrows": 5037}, "_timestamp": 1660905669.653575, "_runtime": 4365.911996841431, "_step": 720, "learning rate/pg1": 4e-08, "learning rate/pg2": 4e-08, "trainer/global_step": 16499, "loss": 0.41355064511299133, "epoch": 29, "em_score": {"max": 0.06174309924244881}, "f1_score": {"max": 0.1745162159204483}, "_wandb": {"runtime": 4367}}