{"table_key": {"_type": "table-file", "sha256": "828475d817b5c80ace3864473fed395c1ed1d366db68aa4b3674865e379e92cc", "size": 50661, "artifact_path": "wandb-client-artifact://1qaislpqjlsc2tatxo9zc2egh69an793ka9q1lkw9r5fm33zp0nqbv9hih4pp72ahsd8sn0x3m4stoivj3jtvggdtkrpmlilaikbkczach4f8u552bqo9qj90624f0yv:latest/table_key.table.json", "_latest_artifact_path": "wandb-client-artifact://1qaislpqjlsc2tatxo9zc2egh69an793ka9q1lkw9r5fm33zp0nqbv9hih4pp72ahsd8sn0x3m4stoivj3jtvggdtkrpmlilaikbkczach4f8u552bqo9qj90624f0yv:latest/table_key.table.json", "path": "media/table/table_key_203_828475d817b5c80ace38.table.json", "ncols": 5, "nrows": 410}, "_timestamp": 1660302124, "_runtime": 787, "_step": 204, "learning rate/pg1": 0.0007481620603948897, "learning rate/pg2": 0.0007481620603948897, "trainer/global_step": 2291, "loss": 0.11494825035333633, "epoch": 11, "em_score": 0.012195121496915817, "f1_score": 0.10035428404808044, "_wandb": {"runtime": 787}}