{"table_key": {"_type": "table-file", "sha256": "df68184744e1672ff049167d4a378688de1289a4620f41b1d9b2269c0715addc", "size": 50082, "artifact_path": "wandb-client-artifact://1ulk7ie0dbbrbzno17agrbdc7pl54c3w3f9f6n9ti18en3jf6ffiwjyjhm7475iwscaqb1opbflqkdeql4ib1eebwyiwj8f89lkvli11jq2xv2gt0mb562co21806esg:latest/table_key.table.json", "_latest_artifact_path": "wandb-client-artifact://1ulk7ie0dbbrbzno17agrbdc7pl54c3w3f9f6n9ti18en3jf6ffiwjyjhm7475iwscaqb1opbflqkdeql4ib1eebwyiwj8f89lkvli11jq2xv2gt0mb562co21806esg:latest/table_key.table.json", "path": "media/table/table_key_499_df68184744e1672ff049.table.json", "ncols": 5, "nrows": 410}, "_timestamp": 1661406600.202977, "_runtime": 1674.0172319412231, "_step": 500, "learning rate/pg1": 3.5544909378486295e-08, "learning rate/pg2": 3.5544909378486295e-08, "trainer/global_step": 8009, "loss": 0.016037430614233017, "epoch": 89, "em_score": {"max": 0.07804878056049347}, "f1_score": {"max": 0.22898627817630768}, "_wandb": {"runtime": 1674}}