{"table_key": {"_type": "table-file", "sha256": "25d48bdf80186da6fb78512c532432284d1f6e5ac141d78e85fe567956126fe8", "size": 57398, "artifact_path": "wandb-client-artifact://13i3h85yax7z0tdf1htbemgr8sonsw087n42n54dozu9m2u02bw1tpt3c8wg9ml60xonlao06i30uebolvj92l3tpomxfb04dw6ecokg39orh0374cbkn75x2dzrsphb:latest/table_key.table.json", "_latest_artifact_path": "wandb-client-artifact://13i3h85yax7z0tdf1htbemgr8sonsw087n42n54dozu9m2u02bw1tpt3c8wg9ml60xonlao06i30uebolvj92l3tpomxfb04dw6ecokg39orh0374cbkn75x2dzrsphb:latest/table_key.table.json", "path": "media/table/table_key_574_25d48bdf80186da6fb78.table.json", "ncols": 5, "nrows": 479}, "_timestamp": 1660659259, "_runtime": 1633, "_step": 575, "learning rate/pg1": 0.0007424564485596708, "learning rate/pg2": 0.0007424564485596708, "trainer/global_step": 6479, "loss": 0.059774599969387054, "epoch": 29, "em_score": 0.05010438337922096, "f1_score": 0.16366462409496307, "_wandb": {"runtime": 1633}}