{"table_key": {"_type": "table-file", "sha256": "21450664a818cec88200df787a5a70bf92ad6b09b69cc2bf5e5db6998447b654", "size": 50029, "artifact_path": "wandb-client-artifact://1a0gzrdzazhig07aaburxyltvaureercsfkll15xhocr6ulkjgexoyc5krtr3v2omrjcny82yjbpje9x0j8bcobvjjcia31b9g9liuqhod7jguu2ea868q2xy3654lzq:latest/table_key.table.json", "_latest_artifact_path": "wandb-client-artifact://1a0gzrdzazhig07aaburxyltvaureercsfkll15xhocr6ulkjgexoyc5krtr3v2omrjcny82yjbpje9x0j8bcobvjjcia31b9g9liuqhod7jguu2ea868q2xy3654lzq:latest/table_key.table.json", "path": "media/table/table_key_111_21450664a818cec88200.table.json", "ncols": 5, "nrows": 410}, "_timestamp": 1660895415.2386703, "_runtime": 507.8208312988281, "_step": 112, "em_score": {"max": 0.08536585420370102}, "f1_score": {"max": 0.2078436017036438}, "epoch": 29, "trainer/global_step": 1319, "learning rate/pg1": 3.478633796534836e-06, "learning rate/pg2": 3.478633796534836e-06, "loss": 0.08432438224554062, "_wandb": {"runtime": 514}}