{"table_key": {"_type": "table-file", "sha256": "ddb7687a8fb2acfe8e59592240d6bd9b1b3053cfa22f8ab33f1b5d967182fb72", "size": 49706, "artifact_path": "wandb-client-artifact://ikjwejgg3w62yb9fbxow6xxo07jgiiao213d03d1lae4x3nmizrnwpezvw3e6z5qpk1imk7uk6mk9jo71k324dxsrwgaw0q9c9rje5cq0539z869oqyc571lca87nglt:latest/table_key.table.json", "_latest_artifact_path": "wandb-client-artifact://ikjwejgg3w62yb9fbxow6xxo07jgiiao213d03d1lae4x3nmizrnwpezvw3e6z5qpk1imk7uk6mk9jo71k324dxsrwgaw0q9c9rje5cq0539z869oqyc571lca87nglt:latest/table_key.table.json", "path": "media/table/table_key_499_ddb7687a8fb2acfe8e59.table.json", "ncols": 5, "nrows": 410}, "_timestamp": 1661858812.8734028, "_runtime": 1490.4363658428192, "_step": 500, "learning rate/pg1": 1.1848303126162098e-08, "learning rate/pg2": 1.1848303126162098e-08, "trainer/global_step": 8009, "loss": 0.836284339427948, "epoch": 89, "em_score": {"max": 0.0585365854203701}, "f1_score": {"max": 0.199833944439888}, "_wandb": {"runtime": 1490}}