{"table_key": {"_type": "table-file", "sha256": "e373281a7bf8f58ec1e02ce4a801ff08d9d221b30c8b9301acb8c8333c1f76b8", "size": 54602, "artifact_path": "wandb-client-artifact://ccj7qv5nt9vwodcdv4k634b2zgf5ggs9peu5gt7sgnly841i9axaanmi95vsfi74z4tezlp0bvzmcnpn14g01ui7o6iaxhv20s3io7g0ll1a9xx5l4ni6qs1pc87k1ab:latest/table_key.table.json", "_latest_artifact_path": "wandb-client-artifact://ccj7qv5nt9vwodcdv4k634b2zgf5ggs9peu5gt7sgnly841i9axaanmi95vsfi74z4tezlp0bvzmcnpn14g01ui7o6iaxhv20s3io7g0ll1a9xx5l4ni6qs1pc87k1ab:latest/table_key.table.json", "path": "media/table/table_key_137_e373281a7bf8f58ec1e0.table.json", "ncols": 5, "nrows": 455}, "_timestamp": 1660647993, "_runtime": 544, "_step": 138, "em_score": 0.04395604506134987, "f1_score": 0.12258221954107285, "epoch": 29, "trainer/global_step": 1019, "learning rate/pg1": 0.000744408796479648, "learning rate/pg2": 0.000744408796479648, "loss": 0.3766860365867615, "_wandb": {"runtime": 544}}