{"table_key": {"_type": "table-file", "sha256": "0c8afe438d5115b5aefe5a0009500f0d3921c65c093b25aa59562711a0b445c2", "size": 614076, "artifact_path": "wandb-client-artifact://wwhmxodyu27v789221xu2c4rzlbxfu3ky1i0ysp4l223e53zuv0k6s3exzpofml9p9eso71i18tzi3iuch0bnzrqc70vtw9cfxbvek20bik6an7ywft1bzuzsnjhly38:latest/table_key.table.json", "_latest_artifact_path": "wandb-client-artifact://wwhmxodyu27v789221xu2c4rzlbxfu3ky1i0ysp4l223e53zuv0k6s3exzpofml9p9eso71i18tzi3iuch0bnzrqc70vtw9cfxbvek20bik6an7ywft1bzuzsnjhly38:latest/table_key.table.json", "path": "media/table/table_key_247_0c8afe438d5115b5aefe.table.json", "ncols": 5, "nrows": 5037}, "_timestamp": 1660646116, "_runtime": 1509, "_step": 248, "learning rate/pg1": 7.452830856796851e-05, "learning rate/pg2": 7.452830856796851e-05, "trainer/global_step": 2935, "loss": 1.077347993850708, "epoch": 7, "em_score": 0.05797101557254791, "f1_score": 0.1674795001745224, "_wandb": {"runtime": 1509}}