{"table_key": {"_type": "table-file", "sha256": "3aec31492643f7290c4102a7a1f535f5dae43d5205bd7702a5e1e4f200cb13f2", "size": 52102, "artifact_path": "wandb-client-artifact://rom3rzm3g50x4ehu2c35otwkofiuss1zkvpo1jdrqoc112b5fdry1ea5orpahvcky5p49yojmh6ay5wnl7jqic2nh4jsfxvwi8btbxdo1z6jgspnogpc5f6jffyfurpt:latest/table_key.table.json", "_latest_artifact_path": "wandb-client-artifact://rom3rzm3g50x4ehu2c35otwkofiuss1zkvpo1jdrqoc112b5fdry1ea5orpahvcky5p49yojmh6ay5wnl7jqic2nh4jsfxvwi8btbxdo1z6jgspnogpc5f6jffyfurpt:latest/table_key.table.json", "path": "media/table/table_key_517_3aec31492643f7290c41.table.json", "ncols": 5, "nrows": 431}, "_timestamp": 1661989953.2580862, "_runtime": 1843.0279552936554, "_step": 518, "learning rate/pg1": 1.103558464280441e-08, "learning rate/pg2": 1.103558464280441e-08, "trainer/global_step": 8459, "loss": 1.9017324447631836, "epoch": 89, "em_score": {"max": 0.06032482534646988}, "f1_score": {"max": 0.20097266137599945}, "_wandb": {"runtime": 1843}}