{"table_key": {"_type": "table-file", "sha256": "26760197efb710630194ae6f957f10f2ea3ec150bbac4d3673cc722e2aa4a051", "size": 52365, "artifact_path": "wandb-client-artifact://15pkv0sb2xcjy508khxdk9saxr6xxkua4ozkmil85yb95hkqypdyu5czu2uh6l4tnszov50lsrlk09gs4nrszvpsbda9ip0e7deh787diwlje8n83pe90d4c282l463q:latest/table_key.table.json", "_latest_artifact_path": "wandb-client-artifact://15pkv0sb2xcjy508khxdk9saxr6xxkua4ozkmil85yb95hkqypdyu5czu2uh6l4tnszov50lsrlk09gs4nrszvpsbda9ip0e7deh787diwlje8n83pe90d4c282l463q:latest/table_key.table.json", "path": "media/table/table_key_309_26760197efb710630194.table.json", "ncols": 5, "nrows": 431}, "_timestamp": 1661989220.2913685, "_runtime": 1110.0612375736237, "_step": 314, "learning rate/pg1": 0.00059204509378212, "learning rate/pg2": 0.00059204509378212, "trainer/global_step": 5149, "loss": 1.9411488771438599, "epoch": 54, "em_score": {"max": 0.05104408413171768}, "f1_score": {"max": 0.20097266137599945}}