{"table_key": {"_type": "table-file", "sha256": "a20857e7a99a5e62e3f81805cb410af881296d1eeb97dca8024f4ac73fc85ac9", "size": 50472, "artifact_path": "wandb-client-artifact://ocez6dc8tk4enm00zl3jz07rabt3vybtr9iuy6892neoe76xbdpa3pokoyy6m1fy0ixi4s6kvjp3b7es6w0cxiir2vfuzs6ija3wdnsd1sd0wl7b9qtge0hb5l6ygj2p:latest/table_key.table.json", "_latest_artifact_path": "wandb-client-artifact://ocez6dc8tk4enm00zl3jz07rabt3vybtr9iuy6892neoe76xbdpa3pokoyy6m1fy0ixi4s6kvjp3b7es6w0cxiir2vfuzs6ija3wdnsd1sd0wl7b9qtge0hb5l6ygj2p:latest/table_key.table.json", "path": "media/table/table_key_111_a20857e7a99a5e62e3f8.table.json", "ncols": 5, "nrows": 410}, "_timestamp": 1660893147.5353522, "_runtime": 459.224924325943, "_step": 112, "em_score": {"max": 0.06585365533828735}, "f1_score": {"max": 0.19306983053684235}, "epoch": 29, "trainer/global_step": 1319, "learning rate/pg1": 1.1595445988449453e-06, "learning rate/pg2": 1.1595445988449453e-06, "loss": 0.2927135229110718, "_wandb": {"runtime": 461}}