{"table_key": {"_type": "table-file", "sha256": "f89cbb0db7f463f6a85fe4326760b4d4515517a4ac97a22071213cd77506f92f", "size": 495804, "artifact_path": "wandb-client-artifact://14dxtsq1dwj6qn1pu8zx6tz66fkc47ln5gktvv3i8gsv0z9kuh138lesa6lkhgmcbu4vfx1rmw92g6l7ws6feg4h1sv4yz0szryewd1kmhqwcan2w7mgpa0lzeeiwtqy:latest/table_key.table.json", "_latest_artifact_path": "wandb-client-artifact://14dxtsq1dwj6qn1pu8zx6tz66fkc47ln5gktvv3i8gsv0z9kuh138lesa6lkhgmcbu4vfx1rmw92g6l7ws6feg4h1sv4yz0szryewd1kmhqwcan2w7mgpa0lzeeiwtqy:latest/table_key.table.json", "path": "media/table/table_key_1379_f89cbb0db7f463f6a85f.table.json", "ncols": 5, "nrows": 5037}, "_timestamp": 1660901249.9730184, "_runtime": 4785.177307367325, "_step": 1380, "learning rate/pg1": 4e-08, "learning rate/pg2": 4e-08, "trainer/global_step": 32999, "loss": 0.4186696708202362, "epoch": 29, "em_score": {"max": 0.06035338342189789}, "f1_score": {"max": 0.15714702010154724}, "_wandb": {"runtime": 4792}}