{"table_key": {"_type": "table-file", "sha256": "37a5e8ef74572151fc01d379cdfdd216c071a4b2df8a8865c74ab261b810dcd3", "size": 46846, "artifact_path": "wandb-client-artifact://16tc3pv7bs7y5imhoqov971c2pt27itoanwaazx25qjhu7gl4itbbahg4f18sgw0772wwlplfujsbffxq1snr5lcfpxpd15wz8guofes2hd7y8ug3av6l4ckbie89dqs:latest/table_key.table.json", "_latest_artifact_path": "wandb-client-artifact://16tc3pv7bs7y5imhoqov971c2pt27itoanwaazx25qjhu7gl4itbbahg4f18sgw0772wwlplfujsbffxq1snr5lcfpxpd15wz8guofes2hd7y8ug3av6l4ckbie89dqs:latest/table_key.table.json", "path": "media/table/table_key_203_37a5e8ef74572151fc01.table.json", "ncols": 5, "nrows": 410}, "_timestamp": 1660298011, "_runtime": 699, "_step": 204, "learning rate/pg1": 0.0007481620603948897, "learning rate/pg2": 0.0007481620603948897, "trainer/global_step": 2291, "loss": 2.438723564147949, "epoch": 11, "em_score": 0.007317073177546263, "f1_score": 0.051701679825782776, "_wandb": {"runtime": 702}}