{"table_key": {"_type": "table-file", "sha256": "37a5e8ef74572151fc01d379cdfdd216c071a4b2df8a8865c74ab261b810dcd3", "size": 46846, "artifact_path": "wandb-client-artifact://k6deij9qmse49n6r4lznfc0p6u3rrmxhd8m1ii5epdd2kfhiciifftmvv7hldapwsga9na7py6emzmc96rrannwoab1osop3ai7teiffdvvrhv091gwsp469mcmc9qed:latest/table_key.table.json", "_latest_artifact_path": "wandb-client-artifact://k6deij9qmse49n6r4lznfc0p6u3rrmxhd8m1ii5epdd2kfhiciifftmvv7hldapwsga9na7py6emzmc96rrannwoab1osop3ai7teiffdvvrhv091gwsp469mcmc9qed:latest/table_key.table.json", "path": "media/table/table_key_13_37a5e8ef74572151fc01.table.json", "ncols": 5, "nrows": 410}, "_timestamp": 1660297449, "_runtime": 87, "_step": 15, "learning rate/pg1": 0.00031775516138412326, "learning rate/pg2": 0.00031775516138412326, "trainer/global_step": 199, "loss": 5.072548866271973, "epoch": 0, "em_score": 0.007317073177546263, "f1_score": 0.051701679825782776}