{"table_key": {"_type": "table-file", "sha256": "f3404e44543392100f813984829004194f271e4e01947f3344120ddfb2715149", "size": 50902, "artifact_path": "wandb-client-artifact://u0d7p2mmj12srsw84s3qyln2s2d67lffquawqftd92itzxnzt558k6k3yjuv0mdk2zgp173nyk4liclnm62t5r5kzrcczisq3dhjazqlrjz558s4hlt6mz46udsd907h:latest/table_key.table.json", "_latest_artifact_path": "wandb-client-artifact://u0d7p2mmj12srsw84s3qyln2s2d67lffquawqftd92itzxnzt558k6k3yjuv0mdk2zgp173nyk4liclnm62t5r5kzrcczisq3dhjazqlrjz558s4hlt6mz46udsd907h:latest/table_key.table.json", "path": "media/table/table_key_499_f3404e44543392100f81.table.json", "ncols": 5, "nrows": 410}, "_timestamp": 1661941424.8541245, "_runtime": 2290.8157324790955, "_step": 500, "learning rate/pg1": 1.18483031261621e-07, "learning rate/pg2": 1.18483031261621e-07, "trainer/global_step": 8009, "loss": 1.8483108282089233, "epoch": 89, "em_score": {"max": 0.043902438133955}, "f1_score": {"max": 0.2066829353570938}, "_wandb": {"runtime": 2292}}