{"table_key": {"_type": "table-file", "sha256": "529a1c4c2dd6db60476c4dca78a46fe0f771bfb561f186a81a57d00538e227cf", "size": 50719, "artifact_path": "wandb-client-artifact://p7i1evb5bwuj1nhvkwxss34lcr51jidhv4oa99jg8d03hzhnnh64cule0576u0469qqcqre7ihpmizvumvt1c63td39lo6zmg9mcgsd6pb22p72r6lssw3f9kv3w8r85:latest/table_key.table.json", "_latest_artifact_path": "wandb-client-artifact://p7i1evb5bwuj1nhvkwxss34lcr51jidhv4oa99jg8d03hzhnnh64cule0576u0469qqcqre7ihpmizvumvt1c63td39lo6zmg9mcgsd6pb22p72r6lssw3f9kv3w8r85:latest/table_key.table.json", "path": "media/table/table_key_165_529a1c4c2dd6db60476c.table.json", "ncols": 5, "nrows": 410}, "_timestamp": 1660895995.919657, "_runtime": 552.809562921524, "_step": 166, "learning rate/pg1": 2.865130430430203e-07, "learning rate/pg2": 2.865130430430203e-07, "trainer/global_step": 2669, "loss": 0.13150352239608765, "epoch": 29, "em_score": {"max": 0.07073170691728592}, "f1_score": {"max": 0.18335437774658203}, "_wandb": {"runtime": 555}}