{"table_key": {"_type": "table-file", "sha256": "b74093d582a4de7bfde24e4132396915489c12946442bda5c7d73338099475d9", "size": 39833, "artifact_path": "wandb-client-artifact://wxjwshgf61vd4nkf4mao2s2svll2v4vycviz29jdpzbxm7q5omcww8292yovznogqjzxvccx4i9b6e0ndfjx722eit4ykmkw7i6vu5uwblp0q1sueu0puwidn6f6nv1p:latest/table_key.table.json", "_latest_artifact_path": "wandb-client-artifact://wxjwshgf61vd4nkf4mao2s2svll2v4vycviz29jdpzbxm7q5omcww8292yovznogqjzxvccx4i9b6e0ndfjx722eit4ykmkw7i6vu5uwblp0q1sueu0puwidn6f6nv1p:latest/table_key.table.json", "path": "media/table/table_key_665_b74093d582a4de7bfde2.table.json", "ncols": 5, "nrows": 410}, "_timestamp": 1661430102.5984273, "_runtime": 1370.3925082683563, "_step": 666, "learning rate/pg1": 4.3731612306534884e-08, "learning rate/pg2": 4.3731612306534884e-08, "trainer/global_step": 10679, "loss": 5.396206378936768, "epoch": 119, "em_score": {"max": 0.0}, "f1_score": {"max": 0.04625629261136055}, "_wandb": {"runtime": 1370}}