{"table_key": {"_type": "table-file", "sha256": "69de543a3480a650b5663b335240a5dea7843039e7b204537ad3a336c79e3304", "size": 53997, "artifact_path": "wandb-client-artifact://62u408bbrvkxz7z90emx77qklshipax7atimanfvmukjlk4vvnmtdr8nevg2ttl1zttebom62uxsiwb1352p2c63xw3vrbcii5nt1t15gg2foi4r5148n1mn8yohnaxu:latest/table_key.table.json", "_latest_artifact_path": "wandb-client-artifact://62u408bbrvkxz7z90emx77qklshipax7atimanfvmukjlk4vvnmtdr8nevg2ttl1zttebom62uxsiwb1352p2c63xw3vrbcii5nt1t15gg2foi4r5148n1mn8yohnaxu:latest/table_key.table.json", "path": "media/table/table_key_17_69de543a3480a650b566.table.json", "ncols": 5, "nrows": 431}, "_timestamp": 1660328630, "_runtime": 88, "_step": 26, "learning rate/pg1": 0.0006352716715055994, "learning rate/pg2": 0.0006352716715055994, "trainer/global_step": 299, "loss": 1.133378267288208, "epoch": 1, "em_score": 0.03712296858429909, "f1_score": 0.18914352357387543}