{"table_key": {"_type": "table-file", "sha256": "59b4c1ab5e2fd21a5bc177285a34307c24c9d94501ed02a1a1284d003fc59611", "size": 50670, "artifact_path": "wandb-client-artifact://ai924r36ixpkyinoz6im2m626ct5nlbik13pywholalrm2c3dz5aj3kn92nycvyveudfcwhvn3s6ryp6v0lftef282udd2iy3of8fkng1bpeuk882dvkjhg3s7bg4ixi:latest/table_key.table.json", "_latest_artifact_path": "wandb-client-artifact://ai924r36ixpkyinoz6im2m626ct5nlbik13pywholalrm2c3dz5aj3kn92nycvyveudfcwhvn3s6ryp6v0lftef282udd2iy3of8fkng1bpeuk882dvkjhg3s7bg4ixi:latest/table_key.table.json", "path": "media/table/table_key_203_59b4c1ab5e2fd21a5bc1.table.json", "ncols": 5, "nrows": 410}, "_timestamp": 1660300978, "_runtime": 617, "_step": 204, "learning rate/pg1": 0.0007481620603948897, "learning rate/pg2": 0.0007481620603948897, "trainer/global_step": 2291, "loss": 0.45998117327690125, "epoch": 11, "em_score": 0.060975611209869385, "f1_score": 0.1688360571861267, "_wandb": {"runtime": 618}}