{"table_key": {"_type": "table-file", "sha256": "a59e67802a313cf8844f692507e3e571814e3a57ddac65272eaf0fcb1a51540e", "size": 49659, "artifact_path": "wandb-client-artifact://qtp4iqp36kv8s7h3a4tu95yv19lqm6cstwawgs30ia4zo5gcoobf5ueb5qsk3sqd4z53ye6gv39kjurs3y8bl29t0zf80itfkhl0ffr0zhsbo033e6w0mwbi01f8ssqj:latest/table_key.table.json", "_latest_artifact_path": "wandb-client-artifact://qtp4iqp36kv8s7h3a4tu95yv19lqm6cstwawgs30ia4zo5gcoobf5ueb5qsk3sqd4z53ye6gv39kjurs3y8bl29t0zf80itfkhl0ffr0zhsbo033e6w0mwbi01f8ssqj:latest/table_key.table.json", "path": "media/table/table_key_165_a59e67802a313cf8844f.table.json", "ncols": 5, "nrows": 410}, "_timestamp": 1661239264.9147358, "_runtime": 525.6452078819275, "_step": 166, "learning rate/pg1": 8.595391291290609e-08, "learning rate/pg2": 8.595391291290609e-08, "trainer/global_step": 2669, "loss": 2.5843725204467773, "epoch": 29, "em_score": {"max": 0.02926829271018505}, "f1_score": {"max": 0.16633401811122894}, "_wandb": {"runtime": 526}}