{"table_key": {"_type": "table-file", "sha256": "748b70c915665122e08fc7fd8c743e3ceed1250dcd38ad3d458bc7493a10866f", "size": 49740, "artifact_path": "wandb-client-artifact://hihkpudx0egte603l4oe7pb277jsgjjb122kmco4ce5qesf4ske2y9lf7uc4q12q6fw1wiq6zssv29w6f3jwo54tq1bllxjgkjixo0ljjvovuwtcxf6m664tto7bumxq:latest/table_key.table.json", "_latest_artifact_path": "wandb-client-artifact://hihkpudx0egte603l4oe7pb277jsgjjb122kmco4ce5qesf4ske2y9lf7uc4q12q6fw1wiq6zssv29w6f3jwo54tq1bllxjgkjixo0ljjvovuwtcxf6m664tto7bumxq:latest/table_key.table.json", "path": "media/table/table_key_277_748b70c915665122e08f.table.json", "ncols": 5, "nrows": 410}, "_timestamp": 1661860283.1876605, "_runtime": 926.8737545013428, "_step": 278, "learning rate/pg1": 4e-09, "learning rate/pg2": 4e-09, "trainer/global_step": 4449, "loss": 0.14625850319862366, "epoch": 49, "em_score": {"max": 0.08780487626791}, "f1_score": {"max": 0.2172418236732483}, "_wandb": {"runtime": 927}}