{"table_key": {"_type": "table-file", "sha256": "beb86dc3c246659fa5169e6d41d7badcfe880d84e4ccfebb5faa18b058923e3a", "size": 49977, "artifact_path": "wandb-client-artifact://f436s9pdaqod8dr2vz15q1qgd4yvzjko2pujawu8khz8i5gu80hnftlpptyspo3dwhd5mpe0oac3p0l752clmcnmidqnx9kol5e4tnq7wjcsriifb310jz8shm90t2b9:latest/table_key.table.json", "_latest_artifact_path": "wandb-client-artifact://f436s9pdaqod8dr2vz15q1qgd4yvzjko2pujawu8khz8i5gu80hnftlpptyspo3dwhd5mpe0oac3p0l752clmcnmidqnx9kol5e4tnq7wjcsriifb310jz8shm90t2b9:latest/table_key.table.json", "path": "media/table/table_key_147_beb86dc3c246659fa516.table.json", "ncols": 5, "nrows": 446}, "_timestamp": 1660330930, "_runtime": 534, "_step": 148, "learning rate/pg1": 0.0007438578621794872, "learning rate/pg2": 0.0007438578621794872, "trainer/global_step": 1663, "loss": 0.9324049353599548, "epoch": 7, "em_score": 0.07174888253211975, "f1_score": 0.15998370945453644, "_wandb": {"runtime": 531}}