{"learning rate/pg1": 0.0007478642564102565, "learning rate/pg2": 0.0007478642564102565, "trainer/global_step": 1699, "_timestamp": 1659701450, "_runtime": 289, "_step": 135, "loss": 1.123217225074768, "epoch": 7, "_wandb": {"runtime": 296}}