{"table_key": {"_type": "table-file", "sha256": "ba30445657a698623efabd5ba33f7efb521eeb43cf83fd9ec25ede842e03182a", "size": 57247, "artifact_path": "wandb-client-artifact://gbchlvi6j8jt1vdlw5zl4yshm65faiurtojd7ra90ngancnmnqotpu5iyeuawutlse12yq6yeoxd2e26qnxym2k0u42ujzt3j41d13rm8l9yd7rc0ia3mgdarzljgrd4:latest/table_key.table.json", "_latest_artifact_path": "wandb-client-artifact://gbchlvi6j8jt1vdlw5zl4yshm65faiurtojd7ra90ngancnmnqotpu5iyeuawutlse12yq6yeoxd2e26qnxym2k0u42ujzt3j41d13rm8l9yd7rc0ia3mgdarzljgrd4:latest/table_key.table.json", "path": "media/table/table_key_263_ba30445657a698623efa.table.json", "ncols": 5, "nrows": 479}, "_timestamp": 1661989213.1107645, "_runtime": 1029.1713275909424, "_step": 268, "learning rate/pg1": 0.0008203532409034976, "learning rate/pg2": 0.0008203532409034976, "trainer/global_step": 4499, "loss": 1.6985914707183838, "epoch": 44, "em_score": {"max": 0.041753653436899185}, "f1_score": {"max": 0.17788472771644592}}