{"table_key": {"_type": "table-file", "sha256": "d0650738015b5476b59931d0e59811e1e48fa542d3102a78b5feca8c7983a563", "size": 56807, "artifact_path": "wandb-client-artifact://j2izgci9jy7vwcs62q6ffmsnvc9d9qlu3fahab7om9as1hdnvtqscfdat4muz1vll7o4tc7y5bi3ek7sifbcqakaxhoe1loe9ys8aiadumffovtlxot4cao6v6m81qfu:latest/table_key.table.json", "_latest_artifact_path": "wandb-client-artifact://j2izgci9jy7vwcs62q6ffmsnvc9d9qlu3fahab7om9as1hdnvtqscfdat4muz1vll7o4tc7y5bi3ek7sifbcqakaxhoe1loe9ys8aiadumffovtlxot4cao6v6m81qfu:latest/table_key.table.json", "path": "media/table/table_key_541_d0650738015b5476b599.table.json", "ncols": 5, "nrows": 479}, "_timestamp": 1661990240.066567, "_runtime": 2056.1271300315857, "_step": 542, "learning rate/pg1": 1.0150346227160837e-07, "learning rate/pg2": 1.0150346227160837e-07, "trainer/global_step": 9089, "loss": 0.841340959072113, "epoch": 89, "em_score": {"max": 0.041753653436899185}, "f1_score": {"max": 0.17788472771644592}, "_wandb": {"runtime": 2056}}