{"table_key": {"_type": "table-file", "sha256": "4fd1491e15421024a67692776d03c5f10da1384f750e84e6ef3aa58f3e908bd8", "size": 51278, "artifact_path": "wandb-client-artifact://rc7i2gbwh4rozpvdg6ws84b40ghar9genr5msajplv2yx3ei6wznb18bcnx6cqum1or2t54pnuiejhejlbkzrwvg388m0xkgvziastprjd1x6l1ihcabvtxcnlpfpvw0:latest/table_key.table.json", "_latest_artifact_path": "wandb-client-artifact://rc7i2gbwh4rozpvdg6ws84b40ghar9genr5msajplv2yx3ei6wznb18bcnx6cqum1or2t54pnuiejhejlbkzrwvg388m0xkgvziastprjd1x6l1ihcabvtxcnlpfpvw0:latest/table_key.table.json", "path": "media/table/table_key_85_4fd1491e15421024a676.table.json", "ncols": 5, "nrows": 410}, "_timestamp": 1660810129, "_runtime": 447, "_step": 86, "em_score": {"max": 0.08536585420370102}, "f1_score": {"max": 0.23458006978034973}, "epoch": 29, "trainer/global_step": 659, "learning rate/pg1": 1.1595445988449453e-07, "learning rate/pg2": 1.1595445988449453e-07, "loss": 1.196498990058899, "_wandb": {"runtime": 446}}