{"table_key": {"_type": "table-file", "sha256": "704bd409bccb122dca92dc181c376ef738653092f484a037593a5518f0dda996", "size": 57220, "artifact_path": "wandb-client-artifact://lk6nr7grqm4uy9nubtwnpc7vecuh9jifiv5p5fwszfk4bhtrfhvqckdi31q1hcn02aduy4i79ivqnviifzsv9uarf2iu4m9d4i7gutnvbrzxz0t6hsjiys6bkw8ep3cd:latest/table_key.table.json", "_latest_artifact_path": "wandb-client-artifact://lk6nr7grqm4uy9nubtwnpc7vecuh9jifiv5p5fwszfk4bhtrfhvqckdi31q1hcn02aduy4i79ivqnviifzsv9uarf2iu4m9d4i7gutnvbrzxz0t6hsjiys6bkw8ep3cd:latest/table_key.table.json", "path": "media/table/table_key_420_704bd409bccb122dca92.table.json", "ncols": 5, "nrows": 479}, "_timestamp": 1660658820, "_runtime": 1647, "_step": 421, "em_score": 0.03549060598015785, "f1_score": 0.14862802624702454, "epoch": 89, "trainer/global_step": 3059, "learning rate/pg1": 0.00074195213362382, "learning rate/pg2": 0.00074195213362382, "loss": 0.022034889087080956, "_wandb": {"runtime": 1647}}