{"table_key": {"_type": "table-file", "sha256": "271d07034952e7ae87d62e75bbd931ccbc20b3d7d105d9ad33622e7989a7978b", "size": 64713, "artifact_path": "wandb-client-artifact://rhhw24ykssoyie3t8hizdhn2cnis5t2mtpq9jnd54x1sfi14k9kjjtp6651dum7g3cjmq8abqfgy2ntjbo2sui4pj8oacbxs5nl7tbl5esaawh2yl7dgans3xrp91nbi:latest/table_key.table.json", "_latest_artifact_path": "wandb-client-artifact://rhhw24ykssoyie3t8hizdhn2cnis5t2mtpq9jnd54x1sfi14k9kjjtp6651dum7g3cjmq8abqfgy2ntjbo2sui4pj8oacbxs5nl7tbl5esaawh2yl7dgans3xrp91nbi:latest/table_key.table.json", "path": "media/table/table_key_499_271d07034952e7ae87d6.table.json", "ncols": 5, "nrows": 410}, "_timestamp": 1661932542.917992, "_runtime": 1957.224603176117, "_step": 500, "learning rate/pg1": 1.1848303126162098e-08, "learning rate/pg2": 1.1848303126162098e-08, "trainer/global_step": 8009, "loss": 0.017317991703748703, "epoch": 89, "em_score": {"max": 0.009756097570061684}, "f1_score": {"max": 0.16600680351257324}, "_wandb": {"runtime": 1957}}