{"table_key": {"_type": "table-file", "sha256": "5d3dae86fa656c3fc90634185b5946dffaa4950dad8932f0c559a8d8f694d9a0", "size": 611121, "artifact_path": "wandb-client-artifact://wz4titoivr8cs9sdi0yb6o7i1e3yjnilswxup98b7udzkq1719wyfc9yox53ter9ya98d5vovtnsi67m9cojnl4mvuwl4gi91hccicg0r0ing01ioqe95kxumqgcor8u:latest/table_key.table.json", "_latest_artifact_path": "wandb-client-artifact://wz4titoivr8cs9sdi0yb6o7i1e3yjnilswxup98b7udzkq1719wyfc9yox53ter9ya98d5vovtnsi67m9cojnl4mvuwl4gi91hccicg0r0ing01ioqe95kxumqgcor8u:latest/table_key.table.json", "path": "media/table/table_key_1379_5d3dae86fa656c3fc906.table.json", "ncols": 5, "nrows": 5037}, "_timestamp": 1660903649.6935873, "_runtime": 5583.45318031311, "_step": 1380, "learning rate/pg1": 1.2e-10, "learning rate/pg2": 1.2e-10, "trainer/global_step": 32999, "loss": 0.8335267305374146, "epoch": 29, "em_score": {"max": 0.05876513943076134}, "f1_score": {"max": 0.18959450721740723}, "_wandb": {"runtime": 5584}}