{"table_key": {"_type": "table-file", "sha256": "098b519b87e7a15cfc63aa1be72907000b43f1fcf74b63547f1a6374e5127e7e", "size": 50673, "artifact_path": "wandb-client-artifact://ji1yuc97s7cpb3c1ufl9gln5c17cirwm4uq932gjhzq39mfflxfd8hrt40y9vg4i5936blbxxqg82qs6ylf4yb30i7eli3g9oh0y08qe5z915qahwmfn7fmqv2qjs77j:latest/table_key.table.json", "_latest_artifact_path": "wandb-client-artifact://ji1yuc97s7cpb3c1ufl9gln5c17cirwm4uq932gjhzq39mfflxfd8hrt40y9vg4i5936blbxxqg82qs6ylf4yb30i7eli3g9oh0y08qe5z915qahwmfn7fmqv2qjs77j:latest/table_key.table.json", "path": "media/table/table_key_9_098b519b87e7a15cfc63.table.json", "ncols": 5, "nrows": 410}, "_timestamp": 1661987622.69242, "_runtime": 66.76516509056091, "_step": 12, "learning rate/pg1": 0.0001792585006454607, "learning rate/pg2": 0.0001792585006454607, "trainer/global_step": 199, "loss": 1.412752628326416, "epoch": 2, "em_score": {"max": 0.0585365854203701}, "f1_score": {"max": 0.20307733118534088}}