{"table_key": {"_type": "table-file", "sha256": "46377c272475a462d7d8db9c634b9170c80b28cdac5058f527dbc6cfe209781a", "size": 50705, "artifact_path": "wandb-client-artifact://colsixb4m2th0p7lemky1jro2n453r1wmr8ocqo488o63fzevpsmjx7jhpzetrgkgo6sb2grxxb2eftd5geilzdaxlrrn8zwsmj1vzn2inmhl0elztr55y2s9ym56sau:latest/table_key.table.json", "_latest_artifact_path": "wandb-client-artifact://colsixb4m2th0p7lemky1jro2n453r1wmr8ocqo488o63fzevpsmjx7jhpzetrgkgo6sb2grxxb2eftd5geilzdaxlrrn8zwsmj1vzn2inmhl0elztr55y2s9ym56sau:latest/table_key.table.json", "path": "media/table/table_key_165_46377c272475a462d7d8.table.json", "ncols": 5, "nrows": 410}, "_timestamp": 1661988313.2809834, "_runtime": 539.2843315601349, "_step": 166, "learning rate/pg1": 2.8651304304302033e-08, "learning rate/pg2": 2.8651304304302033e-08, "trainer/global_step": 2669, "loss": 0.7527404427528381, "epoch": 29, "em_score": {"max": 0.07073170691728592}, "f1_score": {"max": 0.2030962109565735}, "_wandb": {"runtime": 542}}