{"table_key": {"_type": "table-file", "sha256": "7012562e11ce3628e3d958841c09f0f78e2e32072a19d432bc4d25e94d685fe6", "size": 48919, "artifact_path": "wandb-client-artifact://19yt6xivlwkv26jzphg8bqbjej8n0jk0shdsn4iglsxomzozrzhka4bj4z7m9aivaq3jiku9yhaawm42ykluo19nokple3kt42aykse915vobw2woby52r2d0rgd6y9k:latest/table_key.table.json", "_latest_artifact_path": "wandb-client-artifact://19yt6xivlwkv26jzphg8bqbjej8n0jk0shdsn4iglsxomzozrzhka4bj4z7m9aivaq3jiku9yhaawm42ykluo19nokple3kt42aykse915vobw2woby52r2d0rgd6y9k:latest/table_key.table.json", "path": "media/table/table_key_499_7012562e11ce3628e3d9.table.json", "ncols": 5, "nrows": 410}, "_timestamp": 1661944604.8801506, "_runtime": 1802.3255875110626, "_step": 500, "learning rate/pg1": 1.1848303126162098e-08, "learning rate/pg2": 1.1848303126162098e-08, "trainer/global_step": 8009, "loss": 0.9914414882659912, "epoch": 89, "em_score": {"max": 0.05121951177716255}, "f1_score": {"max": 0.21672572195529938}, "_wandb": {"runtime": 1805}}