{"table_key": {"_type": "table-file", "sha256": "52ae4aca30b4ed4b9fb21fe4a3143986340492a4b2b68cead80bb3229d1cee50", "size": 50303, "artifact_path": "wandb-client-artifact://5i3h761ygqhbs30jshai07m5t0xaex64ajkaqawaefxenbjwpttggba0qil0cvjyu3p9j7sjoh0rjnszyl2e5575dtdyouv9ea2rruewdpyhyxh1i9ikj1em05eok2f5:latest/table_key.table.json", "_latest_artifact_path": "wandb-client-artifact://5i3h761ygqhbs30jshai07m5t0xaex64ajkaqawaefxenbjwpttggba0qil0cvjyu3p9j7sjoh0rjnszyl2e5575dtdyouv9ea2rruewdpyhyxh1i9ikj1em05eok2f5:latest/table_key.table.json", "path": "media/table/table_key_187_52ae4aca30b4ed4b9fb2.table.json", "ncols": 5, "nrows": 410}, "_timestamp": 1661498477.7781467, "_runtime": 660.3900237083435, "_step": 188, "em_score": {"max": 0.053658537566661835}, "f1_score": {"max": 0.21863742172718048}, "epoch": 49, "trainer/global_step": 2199, "learning rate/pg1": 1.2e-08, "learning rate/pg2": 1.2e-08, "loss": 1.5692427158355713, "_wandb": {"runtime": 660}}