{"table_key": {"_type": "table-file", "sha256": "cc95554a2fc597e20a356967003a5af76fef0084f65d97cf127e832e6dd0cab0", "size": 50524, "artifact_path": "wandb-client-artifact://yhl76zkp3upmbmrt2roo36xmd6jm5pzlb1royj1pn4stommkw1uvm8t3hn7wu7vbdh2t4lrte3drizuf4hyrgfdxpe271oh74po8l9qo53yis1kdk47eduvm9h0vb52z:latest/table_key.table.json", "_latest_artifact_path": "wandb-client-artifact://yhl76zkp3upmbmrt2roo36xmd6jm5pzlb1royj1pn4stommkw1uvm8t3hn7wu7vbdh2t4lrte3drizuf4hyrgfdxpe271oh74po8l9qo53yis1kdk47eduvm9h0vb52z:latest/table_key.table.json", "path": "media/table/table_key_665_cc95554a2fc597e20a35.table.json", "ncols": 5, "nrows": 410}, "_timestamp": 1661494551.0141952, "_runtime": 1870.7923181056976, "_step": 666, "learning rate/pg1": 4.3731612306534884e-08, "learning rate/pg2": 4.3731612306534884e-08, "trainer/global_step": 10679, "loss": 1.788364052772522, "epoch": 119, "em_score": {"max": 0.07073170691728592}, "f1_score": {"max": 0.2173665165901184}, "_wandb": {"runtime": 1871}}