{"table_key": {"_type": "table-file", "sha256": "ced52d56b7c3d7352ca932ab830b880a57a2bd1907388804030d742eeec33485", "size": 50701, "artifact_path": "wandb-client-artifact://ghiiby55n8pq9f0dsiyw3dpdg3ggoyty9bzhe7ts226kmafsaubq959dvmhne1xcfnxewk6jotp0d35eaox4m2jx96y6mo6y2u003x22g8dayrbw8yts76jrfx2acd6z:latest/table_key.table.json", "_latest_artifact_path": "wandb-client-artifact://ghiiby55n8pq9f0dsiyw3dpdg3ggoyty9bzhe7ts226kmafsaubq959dvmhne1xcfnxewk6jotp0d35eaox4m2jx96y6mo6y2u003x22g8dayrbw8yts76jrfx2acd6z:latest/table_key.table.json", "path": "media/table/table_key_277_ced52d56b7c3d7352ca9.table.json", "ncols": 5, "nrows": 410}, "_timestamp": 1661545484.5989099, "_runtime": 986.2668259143829, "_step": 278, "learning rate/pg1": 1.2e-08, "learning rate/pg2": 1.2e-08, "trainer/global_step": 4449, "loss": 1.7450895309448242, "epoch": 49, "em_score": {"max": 0.046341463923454285}, "f1_score": {"max": 0.21439945697784424}, "_wandb": {"runtime": 986}}