{"table_key": {"_type": "table-file", "sha256": "fee55d60d4313410e61b139e7386f114434b73b616328e88e30aaa9afa096f7a", "size": 50221, "artifact_path": "wandb-client-artifact://63hc1e4bmmiwqv4sidnps1akh8roko6lrlcdyul78ywid2nwz3t2m2d0tw3dikkavrfoy9ollvpfeao5v14xejnhydg98xfsomr7tjh1qp90u6s5ftx0lzv6vdqa4ido:latest/table_key.table.json", "_latest_artifact_path": "wandb-client-artifact://63hc1e4bmmiwqv4sidnps1akh8roko6lrlcdyul78ywid2nwz3t2m2d0tw3dikkavrfoy9ollvpfeao5v14xejnhydg98xfsomr7tjh1qp90u6s5ftx0lzv6vdqa4ido:latest/table_key.table.json", "path": "media/table/table_key_277_fee55d60d4313410e61b.table.json", "ncols": 5, "nrows": 410}, "_timestamp": 1661510524.4656768, "_runtime": 772.9454786777496, "_step": 278, "learning rate/pg1": 1.1999999999999998e-09, "learning rate/pg2": 1.1999999999999998e-09, "trainer/global_step": 4449, "loss": 1.7895272970199585, "epoch": 49, "em_score": {"max": 0.04146341606974602}, "f1_score": {"max": 0.20913930237293243}, "_wandb": {"runtime": 777}}