{"table_key": {"_type": "table-file", "sha256": "60f105943786d53cc5001485e924b47b53f525a608fe35527587a6eedd31d11b", "size": 50038, "artifact_path": "wandb-client-artifact://q2jmwm9y4yoesgclhq8s579m9u0esah45b20p63fs67ur06ltnw480qg9snbjhu41qo8b7hihyit9kepehjg7zi5mt8s1ahmozq7vml29sx2ip94qpbmeztbkw8qlrxh:latest/table_key.table.json", "_latest_artifact_path": "wandb-client-artifact://q2jmwm9y4yoesgclhq8s579m9u0esah45b20p63fs67ur06ltnw480qg9snbjhu41qo8b7hihyit9kepehjg7zi5mt8s1ahmozq7vml29sx2ip94qpbmeztbkw8qlrxh:latest/table_key.table.json", "path": "media/table/table_key_111_60f105943786d53cc500.table.json", "ncols": 5, "nrows": 410}, "_timestamp": 1660894879.0879376, "_runtime": 514.6073846817017, "_step": 112, "em_score": {"max": 0.06585365533828735}, "f1_score": {"max": 0.182834193110466}, "epoch": 29, "trainer/global_step": 1319, "learning rate/pg1": 1.1595445988449453e-06, "learning rate/pg2": 1.1595445988449453e-06, "loss": 0.24687232077121735, "_wandb": {"runtime": 520}}