{"table_key": {"_type": "table-file", "sha256": "363d553e4471cac91be6bfdbb8ef4594ff58f6ab760a7dd91b7fdf7a27d1a0b8", "size": 49899, "artifact_path": "wandb-client-artifact://3254o6kxg41iew1b0xfmeemwndbphewst6xaoqyac8205guj4vj0nmkljicu9b9lqysublxyialng6esbndyyjrypehb6wmp9gmrw0oky86ncilbe0jksd7lv20yqhbn:latest/table_key.table.json", "_latest_artifact_path": "wandb-client-artifact://3254o6kxg41iew1b0xfmeemwndbphewst6xaoqyac8205guj4vj0nmkljicu9b9lqysublxyialng6esbndyyjrypehb6wmp9gmrw0oky86ncilbe0jksd7lv20yqhbn:latest/table_key.table.json", "path": "media/table/table_key_165_363d553e4471cac91be6.table.json", "ncols": 5, "nrows": 410}, "_timestamp": 1661987181.5865538, "_runtime": 550.2418277263641, "_step": 166, "learning rate/pg1": 2.865130430430203e-07, "learning rate/pg2": 2.865130430430203e-07, "trainer/global_step": 2669, "loss": 0.06452400237321854, "epoch": 29, "em_score": {"max": 0.06829268485307693}, "f1_score": {"max": 0.20725461840629578}, "_wandb": {"runtime": 552}}