{"table_key": {"_type": "table-file", "sha256": "5cb7122f7091dc5bb52ba83d882750a94d5879bca2cd28e724bc508a848c95d8", "size": 600551, "artifact_path": "wandb-client-artifact://6nb9h51ftf0u13ksah9u7v86dkljq9u8tihj9r205sbeq0s3c8vqla43f85n9jge7dznterunw25o1tpu9zugev7i4ofrv1ate4j98zje2v95d47d6qeiajo57jnp61b:latest/table_key.table.json", "_latest_artifact_path": "wandb-client-artifact://6nb9h51ftf0u13ksah9u7v86dkljq9u8tihj9r205sbeq0s3c8vqla43f85n9jge7dznterunw25o1tpu9zugev7i4ofrv1ate4j98zje2v95d47d6qeiajo57jnp61b:latest/table_key.table.json", "path": "media/table/table_key_1379_5cb7122f7091dc5bb52b.table.json", "ncols": 5, "nrows": 5037}, "_timestamp": 1661261351.250036, "_runtime": 5648.29355096817, "_step": 1380, "learning rate/pg1": 4e-09, "learning rate/pg2": 4e-09, "trainer/global_step": 32999, "loss": 0.9833322763442993, "epoch": 29, "em_score": {"max": 0.046654753386974335}, "f1_score": {"max": 0.17634965479373932}, "_wandb": {"runtime": 5647}}