{"table_key": {"_type": "table-file", "sha256": "2e1ad0734d08bc78fdb97f0f7f438c92807370fd72d157424402a08d9d6fec0d", "size": 604683, "artifact_path": "wandb-client-artifact://gt28rwfxfy4d5fxaa5zutr6yz3c6ng350y6f3uih5kf0wxzinbz15xl53p9jykruaw4v8tf6krzw5wzfe1j40yvml1osnuezjml0t05y9akl12n99wu9cnk3fi800wqx:latest/table_key.table.json", "_latest_artifact_path": "wandb-client-artifact://gt28rwfxfy4d5fxaa5zutr6yz3c6ng350y6f3uih5kf0wxzinbz15xl53p9jykruaw4v8tf6krzw5wzfe1j40yvml1osnuezjml0t05y9akl12n99wu9cnk3fi800wqx:latest/table_key.table.json", "path": "media/table/table_key_719_2e1ad0734d08bc78fdb9.table.json", "ncols": 5, "nrows": 5037}, "_timestamp": 1660882546.867184, "_runtime": 4316.033382892609, "_step": 720, "learning rate/pg1": 4e-09, "learning rate/pg2": 4e-09, "trainer/global_step": 16499, "loss": 0.0735219344496727, "epoch": 29, "em_score": {"max": 0.04983124881982803}, "f1_score": {"max": 0.1634731888771057}, "_wandb": {"runtime": 4317}}