{"table_key": {"_type": "table-file", "sha256": "76de2e779ef54f6a9ea6263d471967c429fe9a62537722ba13323f1ca0be2868", "size": 50864, "artifact_path": "wandb-client-artifact://fwwwwenrqnt10kb0qw9p2cr1cbyckmme262vsmwae8hd9ryu8erhrmtgemwhvdsgw404uhhcqs9y2mjy9it69lnn5lke3phir6rlou4tb3cqwt7yuc3j346md1mmls4o:latest/table_key.table.json", "_latest_artifact_path": "wandb-client-artifact://fwwwwenrqnt10kb0qw9p2cr1cbyckmme262vsmwae8hd9ryu8erhrmtgemwhvdsgw404uhhcqs9y2mjy9it69lnn5lke3phir6rlou4tb3cqwt7yuc3j346md1mmls4o:latest/table_key.table.json", "path": "media/table/table_key_165_76de2e779ef54f6a9ea6.table.json", "ncols": 5, "nrows": 410}, "_timestamp": 1660894319.1572444, "_runtime": 567.8405253887177, "_step": 166, "learning rate/pg1": 8.595391291290609e-07, "learning rate/pg2": 8.595391291290609e-07, "trainer/global_step": 2669, "loss": 0.04801099747419357, "epoch": 29, "em_score": {"max": 0.08048780262470245}, "f1_score": {"max": 0.20066453516483307}, "_wandb": {"runtime": 572}}