{"table_key": {"_type": "table-file", "sha256": "b361f10686e2c5d3df996f24ab32163a391e0ac0497ae665ba19d324d40d2cff", "size": 50114, "artifact_path": "wandb-client-artifact://skxdjlvuv25zf7cp8shh0dearghbqlvo834x4dmscts3aqn4qmwo4lc0xin958qhbnewep26i8r3dnk9q39mhg8kmgza6p4pql6i2zvadme9bfyergtc6odo7ghnw7al:latest/table_key.table.json", "_latest_artifact_path": "wandb-client-artifact://skxdjlvuv25zf7cp8shh0dearghbqlvo834x4dmscts3aqn4qmwo4lc0xin958qhbnewep26i8r3dnk9q39mhg8kmgza6p4pql6i2zvadme9bfyergtc6odo7ghnw7al:latest/table_key.table.json", "path": "media/table/table_key_377_b361f10686e2c5d3df99.table.json", "ncols": 5, "nrows": 410}, "_timestamp": 1660650911, "_runtime": 1402, "_step": 378, "em_score": 0.06585365533828735, "f1_score": 0.18503819406032562, "epoch": 89, "trainer/global_step": 2699, "learning rate/pg1": 0.0007407417777777778, "learning rate/pg2": 0.0007407417777777778, "loss": 0.014862178824841976, "_wandb": {"runtime": 1402}}