{"table_key": {"_type": "table-file", "sha256": "a8c8d918d13629b19f11fd49117765f52c97e84416460c7bf940ede0b2e1f608", "size": 51663, "artifact_path": "wandb-client-artifact://10csmg8wmzysyyhl255o76glbl06ol801mewpyi6b1ryeowgbqkclorjdez9jndpb10na75kicfxg73ankhfy99ooj8v654fqagyy5ltrrpkc2bptd42izanvxhsn7pp:latest/table_key.table.json", "_latest_artifact_path": "wandb-client-artifact://10csmg8wmzysyyhl255o76glbl06ol801mewpyi6b1ryeowgbqkclorjdez9jndpb10na75kicfxg73ankhfy99ooj8v654fqagyy5ltrrpkc2bptd42izanvxhsn7pp:latest/table_key.table.json", "path": "media/table/table_key_171_a8c8d918d13629b19f11.table.json", "ncols": 5, "nrows": 431}, "_timestamp": 1661987727.216552, "_runtime": 690.2119500637054, "_step": 172, "learning rate/pg1": 2.5726025791239943e-07, "learning rate/pg2": 2.5726025791239943e-07, "trainer/global_step": 2819, "loss": 0.05078589916229248, "epoch": 29, "em_score": {"max": 0.07656612247228622}, "f1_score": {"max": 0.20072968304157257}, "_wandb": {"runtime": 690}}