{"table_key": {"_type": "table-file", "sha256": "cbd490717417aa3d142c38e82a2609f5a43dcc1b67cdd71c399dca2eca35739c", "size": 600130, "artifact_path": "wandb-client-artifact://11dztu2q24gzykiwuf6uktghy1dp4pxi653yh4xulre95o356getgp4eeqxawtzkqi4yad3yhjmwpzgms4kec0svmilmzsix80l7kcvi506xhru10ax23wex7u4unwyn:latest/table_key.table.json", "_latest_artifact_path": "wandb-client-artifact://11dztu2q24gzykiwuf6uktghy1dp4pxi653yh4xulre95o356getgp4eeqxawtzkqi4yad3yhjmwpzgms4kec0svmilmzsix80l7kcvi506xhru10ax23wex7u4unwyn:latest/table_key.table.json", "path": "media/table/table_key_2299_cbd490717417aa3d142c.table.json", "ncols": 5, "nrows": 5037}, "_timestamp": 1661523408.3770745, "_runtime": 21339.85631251335, "_step": 2300, "learning rate/pg1": 4e-09, "learning rate/pg2": 4e-09, "trainer/global_step": 54999, "loss": 0.6742677092552185, "epoch": 49, "em_score": {"max": 0.038514990359544754}, "f1_score": {"max": 0.1762063056230545}, "_wandb": {"runtime": 21339}}