{"table_key": {"_type": "table-file", "sha256": "4fe0410edb3c28da2d50ea9a1d7f6809a42ff59cf6f074c887744097a8218223", "size": 49943, "artifact_path": "wandb-client-artifact://twes9m82v8y5hsod6iekpbqyih5mlj3nr1es3xgepw9uwue3arrh2ogqqzkq5k6yqljwxszzr211cpmxsl1i0tlegdg5b5676p1kh044qnxcj2sh5ntesvj5rs9mae5g:latest/table_key.table.json", "_latest_artifact_path": "wandb-client-artifact://twes9m82v8y5hsod6iekpbqyih5mlj3nr1es3xgepw9uwue3arrh2ogqqzkq5k6yqljwxszzr211cpmxsl1i0tlegdg5b5676p1kh044qnxcj2sh5ntesvj5rs9mae5g:latest/table_key.table.json", "path": "media/table/table_key_93_4fe0410edb3c28da2d50.table.json", "ncols": 5, "nrows": 410}, "_timestamp": 1661233699.0953197, "_runtime": 294.97571873664856, "_step": 98, "learning rate/pg1": 0.0029467464860189773, "learning rate/pg2": 0.0029467464860189773, "trainer/global_step": 1599, "loss": 2.3999452590942383, "epoch": 17, "em_score": {"max": 0.03658536449074745}, "f1_score": {"max": 0.2092486172914505}}