{"table_key": {"_type": "table-file", "sha256": "aec485b1f07a59caec25621aa155b3a522dee4583f00b9fbf2b134342e771112", "size": 500838, "artifact_path": "wandb-client-artifact://12gpxn4ig6akvpustltq022yfqxtoovyanke1riok3lrpy8eizrfrjm88hac9hwptrii16gx9hxfkbdueo1xkki0xcvro7bdhgyziylognot376rf5gtj0644l5rm4qy:latest/table_key.table.json", "_latest_artifact_path": "wandb-client-artifact://12gpxn4ig6akvpustltq022yfqxtoovyanke1riok3lrpy8eizrfrjm88hac9hwptrii16gx9hxfkbdueo1xkki0xcvro7bdhgyziylognot376rf5gtj0644l5rm4qy:latest/table_key.table.json", "path": "media/table/table_key_395_aec485b1f07a59caec25.table.json", "ncols": 5, "nrows": 4124}, "_timestamp": 1661815778.4750726, "_runtime": 9016.668865680695, "_step": 396, "learning rate/pg1": 3.1440818619439846e-07, "learning rate/pg2": 1.0480272873146615e-07, "trainer/global_step": 8939, "loss": 1.9865847826004028, "epoch": 19, "em_score": {"max": 0.04267701134085655}, "f1_score": {"max": 0.17485123872756958}, "_wandb": {"runtime": 9022}}