{"table_key": {"_type": "table-file", "sha256": "b3575a63ce48fa6b1c18d77864db592166a46151b07c9a5181b61756bccaa707", "size": 7437, "artifact_path": "wandb-client-artifact://yr6srful2truh3l7bf3qw0v5cs6lq6fvuqyjd50799b465maz2j8iqlsolk4spqjnbfn6fyz4rhnetirvrbz1lespbjrla9ti55jjdbhtmi0dxn8oxshgsk0pcnndf5h:latest/table_key.table.json", "_latest_artifact_path": "wandb-client-artifact://yr6srful2truh3l7bf3qw0v5cs6lq6fvuqyjd50799b465maz2j8iqlsolk4spqjnbfn6fyz4rhnetirvrbz1lespbjrla9ti55jjdbhtmi0dxn8oxshgsk0pcnndf5h:latest/table_key.table.json", "path": "media/table/table_key_0_b3575a63ce48fa6b1c18.table.json", "ncols": 5, "nrows": 64}, "_timestamp": 1661147424.8223836, "_runtime": 32.58406662940979, "_step": 2, "learning rate/pg1": 0.004885895973950449, "learning rate/pg2": 0.004885895973950449, "trainer/global_step": 49, "loss": 4.372692108154297, "epoch": 0}