{"table_key": {"_type": "table-file", "sha256": "36a6eaae894766ee53bb433122106400f83d54187e60fe70b7bf103a72856602", "size": 51493, "artifact_path": "wandb-client-artifact://zum94ba15o7kvynfadok14zt678zb07avvdrse6kae0gsqe0bovfwnsj5wh2nab8oz8rzvi028y0h9dozxb6z6wu4syjyn4a7d5zude0m4ck2ngpawl7x4ex0qzk35md:latest/table_key.table.json", "_latest_artifact_path": "wandb-client-artifact://zum94ba15o7kvynfadok14zt678zb07avvdrse6kae0gsqe0bovfwnsj5wh2nab8oz8rzvi028y0h9dozxb6z6wu4syjyn4a7d5zude0m4ck2ngpawl7x4ex0qzk35md:latest/table_key.table.json", "path": "media/table/table_key_111_36a6eaae894766ee53bb.table.json", "ncols": 5, "nrows": 410}, "_timestamp": 1660881950.1709301, "_runtime": 467.3363780975342, "_step": 112, "em_score": {"max": 0.039024390280246735}, "f1_score": {"max": 0.1355167180299759}, "epoch": 29, "trainer/global_step": 1319, "learning rate/pg1": 3.4786337965348356e-07, "learning rate/pg2": 3.4786337965348356e-07, "loss": 0.712576687335968, "_wandb": {"runtime": 472}}