{"table_key": {"_type": "table-file", "sha256": "2b30a5938e154d960c5148199b2b713867e8df649685fa40cf98313ebac05c10", "size": 50455, "artifact_path": "wandb-client-artifact://b5av5s2uw8lr58d9qygu50d485dwyw9hbbgtqcb85y2uzeovnbck6arw8zcbycucjdrik2qkh4rhe4tcvxwds02aiug2l89lo3qddnkn0m9t18pmrv10s9veqrmk1vvg:latest/table_key.table.json", "_latest_artifact_path": "wandb-client-artifact://b5av5s2uw8lr58d9qygu50d485dwyw9hbbgtqcb85y2uzeovnbck6arw8zcbycucjdrik2qkh4rhe4tcvxwds02aiug2l89lo3qddnkn0m9t18pmrv10s9veqrmk1vvg:latest/table_key.table.json", "path": "media/table/table_key_499_2b30a5938e154d960c51.table.json", "ncols": 5, "nrows": 410}, "_timestamp": 1661942946.186709, "_runtime": 1469.683578968048, "_step": 500, "learning rate/pg1": 1.18483031261621e-07, "learning rate/pg2": 1.18483031261621e-07, "trainer/global_step": 8009, "loss": 1.7372766733169556, "epoch": 89, "em_score": {"max": 0.043902438133955}, "f1_score": {"max": 0.21157917380332947}, "_wandb": {"runtime": 1472}}