{"table_key": {"_type": "table-file", "sha256": "24aa9116ac71f684ea189f17e8c657a628f9ea6fabfac5676b939d33ea89be5d", "size": 50350, "artifact_path": "wandb-client-artifact://b4gpmwvxhbq339lcpp8am3m3zrbrv2kbuv3ejjx3pt6uzyqmz48pvoc6960lchge64a47mxpgc5gqrt214tq4zcbtgi3f7unycxlvvg6sk7b5ew8jyru5hr09gtfxhry:latest/table_key.table.json", "_latest_artifact_path": "wandb-client-artifact://b4gpmwvxhbq339lcpp8am3m3zrbrv2kbuv3ejjx3pt6uzyqmz48pvoc6960lchge64a47mxpgc5gqrt214tq4zcbtgi3f7unycxlvvg6sk7b5ew8jyru5hr09gtfxhry:latest/table_key.table.json", "path": "media/table/table_key_187_24aa9116ac71f684ea18.table.json", "ncols": 5, "nrows": 410}, "_timestamp": 1661509722.8740938, "_runtime": 754.6231746673584, "_step": 188, "em_score": {"max": 0.046341463923454285}, "f1_score": {"max": 0.2129557579755783}, "epoch": 49, "trainer/global_step": 2199, "learning rate/pg1": 4e-09, "learning rate/pg2": 4e-09, "loss": 1.3642208576202393, "_wandb": {"runtime": 756}}