{"table_key": {"_type": "table-file", "sha256": "0985cb4ad8f2087ffab351eaff3afe8843cae6c8669d3c89f5a5fa3fe03ee19f", "size": 51410, "artifact_path": "wandb-client-artifact://14b4uwa1oajbmwo15mqmg7a4khptf3bjvdwlphkv9v74o1edju0w5a117taxi7fg7ps7iosyrlvmyufkqmzfqr0f5t8plymj74mcbmsqe3ymsxfjayhku3bcnvg2bpd0:latest/table_key.table.json", "_latest_artifact_path": "wandb-client-artifact://14b4uwa1oajbmwo15mqmg7a4khptf3bjvdwlphkv9v74o1edju0w5a117taxi7fg7ps7iosyrlvmyufkqmzfqr0f5t8plymj74mcbmsqe3ymsxfjayhku3bcnvg2bpd0:latest/table_key.table.json", "path": "media/table/table_key_277_0985cb4ad8f2087ffab3.table.json", "ncols": 5, "nrows": 410}, "_timestamp": 1661500362.2471125, "_runtime": 880.3698444366455, "_step": 278, "learning rate/pg1": 4e-08, "learning rate/pg2": 1.1999999999999998e-09, "trainer/global_step": 4449, "loss": 0.5105189681053162, "epoch": 49, "em_score": {"max": 0.09024390578269958}, "f1_score": {"max": 0.21950854361057281}, "_wandb": {"runtime": 884}}