{"table_key": {"_type": "table-file", "sha256": "0fb904e310fb25452bf53376d525b3e7d83bcb9118e8a1056dc77d39a1441d50", "size": 51480, "artifact_path": "wandb-client-artifact://12ob02q2prca1l0fzw7s83w0fmfq05id9gc6580nhg63ny7cuyywx7evucprx69phqi29o920r2dv12ci7wgjfwn0p5wk2w8cdnt4b7hjbxtipv9l2oh6lrpnum5fiz9:latest/table_key.table.json", "_latest_artifact_path": "wandb-client-artifact://12ob02q2prca1l0fzw7s83w0fmfq05id9gc6580nhg63ny7cuyywx7evucprx69phqi29o920r2dv12ci7wgjfwn0p5wk2w8cdnt4b7hjbxtipv9l2oh6lrpnum5fiz9:latest/table_key.table.json", "path": "media/table/table_key_83_0fb904e310fb25452bf5.table.json", "ncols": 5, "nrows": 410}, "_timestamp": 1660646493, "_runtime": 327, "_step": 84, "em_score": 0.05609755963087082, "f1_score": 0.16908906400203705, "epoch": 19, "trainer/global_step": 599, "learning rate/pg1": 0.0007407417777777778, "learning rate/pg2": 0.0007407417777777778, "loss": 0.5590001940727234, "_wandb": {"runtime": 327}}