{"table_key": {"_type": "table-file", "sha256": "7ca5b94e9a6067412a454d4b19c6aacc06c72e403c207e11df93484a784fc827", "size": 51042, "artifact_path": "wandb-client-artifact://waoepwvjx59qr7hj517vrl7095x50njsinucrwd8jrxc8tjg7d6ntwtekypthx1lrd8v0ixiibpo4ne1sncjx4rbf07da3p4w4ut5p1p32fkdys15y571yli1hjloef9:latest/table_key.table.json", "_latest_artifact_path": "wandb-client-artifact://waoepwvjx59qr7hj517vrl7095x50njsinucrwd8jrxc8tjg7d6ntwtekypthx1lrd8v0ixiibpo4ne1sncjx4rbf07da3p4w4ut5p1p32fkdys15y571yli1hjloef9:latest/table_key.table.json", "path": "media/table/table_key_165_7ca5b94e9a6067412a45.table.json", "ncols": 5, "nrows": 410}, "_timestamp": 1661238162.2080257, "_runtime": 508.5572066307068, "_step": 166, "learning rate/pg1": 8.595391291290609e-07, "learning rate/pg2": 8.595391291290609e-07, "trainer/global_step": 2669, "loss": 2.1494429111480713, "epoch": 29, "em_score": {"max": 0.046341463923454285}, "f1_score": {"max": 0.20777955651283264}, "_wandb": {"runtime": 512}}