{"table_key": {"_type": "table-file", "sha256": "dcc872af19c58ff54a165b18f6d9091b1b3c975b74b55ae8b86483ff008b99a1", "size": 607865, "artifact_path": "wandb-client-artifact://fsn0m0a8b9pnm27yqm54odgkfx1qb6hm2l2kq9stro66m5uzu0dwyddranjjlhelel4p4haf8izl6w3z4rcn54p7ih7b5cauzjib929q08ih5hvwzaw24g6opbrlufpl:latest/table_key.table.json", "_latest_artifact_path": "wandb-client-artifact://fsn0m0a8b9pnm27yqm54odgkfx1qb6hm2l2kq9stro66m5uzu0dwyddranjjlhelel4p4haf8izl6w3z4rcn54p7ih7b5cauzjib929q08ih5hvwzaw24g6opbrlufpl:latest/table_key.table.json", "path": "media/table/table_key_623_dcc872af19c58ff54a16.table.json", "ncols": 5, "nrows": 5037}, "_timestamp": 1660648209, "_runtime": 3443, "_step": 624, "learning rate/pg1": 0.0007427601368452921, "learning rate/pg2": 0.0007427601368452921, "trainer/global_step": 7339, "loss": 0.11324100941419601, "epoch": 19, "em_score": 0.03950764238834381, "f1_score": 0.15269793570041656, "_wandb": {"runtime": 3443}}