{"table_key": {"_type": "table-file", "sha256": "5a3c5bb65c16bc5ab5eb7dae0278497c8cb92957a9a02804e1c812fcc1d712aa", "size": 607119, "artifact_path": "wandb-client-artifact://z9c3y2w8vqtnyyyukqagcyywh6e3lvlh2g13u1dq4tbkh1ksm8blhbc2u28ntnw0sbeq8i2gzp9yvia65qdpfruo9oh9zczxrrsyp9mtssntrbc06erg8vp9j3ktataa:latest/table_key.table.json", "_latest_artifact_path": "wandb-client-artifact://z9c3y2w8vqtnyyyukqagcyywh6e3lvlh2g13u1dq4tbkh1ksm8blhbc2u28ntnw0sbeq8i2gzp9yvia65qdpfruo9oh9zczxrrsyp9mtssntrbc06erg8vp9j3ktataa:latest/table_key.table.json", "path": "media/table/table_key_719_5a3c5bb65c16bc5ab5eb.table.json", "ncols": 5, "nrows": 5037}, "_timestamp": 1660908089.5701025, "_runtime": 4411.9999895095825, "_step": 720, "learning rate/pg1": 3.9999999999999996e-10, "learning rate/pg2": 3.9999999999999996e-10, "trainer/global_step": 16499, "loss": 0.5037447214126587, "epoch": 29, "em_score": {"max": 0.06194163113832474}, "f1_score": {"max": 0.1841508150100708}, "_wandb": {"runtime": 4417}}