{"table_key": {"_type": "table-file", "sha256": "7d5d60364dcae14a47ccd18545bac258155d9fc614c7567fd56d9e5524ac4317", "size": 50768, "artifact_path": "wandb-client-artifact://wapzucwtemfmxtfs65mqpvac3kzh1ucew87kqsmfqlgzii190t8rl6p79zxp4e0008in8ousbnivi42ctxnauinddftn8ot9hf51xh2z3qg42h2ni9c70jmvakz11zpf:latest/table_key.table.json", "_latest_artifact_path": "wandb-client-artifact://wapzucwtemfmxtfs65mqpvac3kzh1ucew87kqsmfqlgzii190t8rl6p79zxp4e0008in8ousbnivi42ctxnauinddftn8ot9hf51xh2z3qg42h2ni9c70jmvakz11zpf:latest/table_key.table.json", "path": "media/table/table_key_165_7d5d60364dcae14a47cc.table.json", "ncols": 5, "nrows": 410}, "_timestamp": 1661238704.117463, "_runtime": 500.3777861595154, "_step": 166, "learning rate/pg1": 2.865130430430203e-07, "learning rate/pg2": 2.865130430430203e-07, "trainer/global_step": 2669, "loss": 2.3189749717712402, "epoch": 29, "em_score": {"max": 0.04146341606974602}, "f1_score": {"max": 0.21493446826934814}, "_wandb": {"runtime": 506}}