{"table_key": {"_type": "table-file", "sha256": "2a08e385e0c53545b17c67e02d459e7f411bb4308f95346b72720f006cec8ece", "size": 617539, "artifact_path": "wandb-client-artifact://ttrpavn09kmsvuxxuvncztkv3o8pf6eofcts75bwfxgb9007lxvgq70wd3hnnf8rasgvsut6bxghe0spcr1lga5iefyfn9rcson9ey53acbecikczn4jd6xb3wlupfjn:latest/table_key.table.json", "_latest_artifact_path": "wandb-client-artifact://ttrpavn09kmsvuxxuvncztkv3o8pf6eofcts75bwfxgb9007lxvgq70wd3hnnf8rasgvsut6bxghe0spcr1lga5iefyfn9rcson9ey53acbecikczn4jd6xb3wlupfjn:latest/table_key.table.json", "path": "media/table/table_key_719_2a08e385e0c53545b17c.table.json", "ncols": 5, "nrows": 5037}, "_timestamp": 1660912501.4700217, "_runtime": 4381.169673681259, "_step": 720, "learning rate/pg1": 4.0000000000000004e-11, "learning rate/pg2": 4.0000000000000004e-11, "trainer/global_step": 16499, "loss": 1.3836688995361328, "epoch": 29, "em_score": {"max": 0.0528092123568058}, "f1_score": {"max": 0.18252243101596832}, "_wandb": {"runtime": 4386}}