{"table_key": {"_type": "table-file", "sha256": "75a718916683aaaa834e6a6d1acab52e73a0202496bfdf9a7082c9a698a54c0e", "size": 50654, "artifact_path": "wandb-client-artifact://ldk6y2qcbdlazbwywd4689zv1dcqv38svnto46qek4acuus889evfwqo3m35vuf6gyygps55dldk2yg6impneulblp92c2tohdwfsck5926ucqo04sz89igox8v05gsb:latest/table_key.table.json", "_latest_artifact_path": "wandb-client-artifact://ldk6y2qcbdlazbwywd4689zv1dcqv38svnto46qek4acuus889evfwqo3m35vuf6gyygps55dldk2yg6impneulblp92c2tohdwfsck5926ucqo04sz89igox8v05gsb:latest/table_key.table.json", "path": "media/table/table_key_199_75a718916683aaaa834e.table.json", "ncols": 5, "nrows": 410}, "_timestamp": 1661989227.5867605, "_runtime": 671.9210064411163, "_step": 202, "learning rate/pg1": 5.923380139010181e-05, "learning rate/pg2": 5.923380139010181e-05, "trainer/global_step": 3249, "loss": 0.6434208154678345, "epoch": 36, "em_score": {"max": 0.08048780262470245}, "f1_score": {"max": 0.20803481340408325}}