{"table_key": {"_type": "table-file", "sha256": "67bce5f37f96630ea71c57e7e0a0581d5471da15526bfdf01d1c66116aee2692", "size": 50670, "artifact_path": "wandb-client-artifact://nrjspmmnc9dq2vlsz3x0wbs1y0j4iypiq409e1d1xwmdst477xq89bplb4bk342jnrspj7l2o5v86ru6i59hpd0j2i6wauabqjz7a6e9j1rlc33tvuk7bxxhanwe8pp0:latest/table_key.table.json", "_latest_artifact_path": "wandb-client-artifact://nrjspmmnc9dq2vlsz3x0wbs1y0j4iypiq409e1d1xwmdst477xq89bplb4bk342jnrspj7l2o5v86ru6i59hpd0j2i6wauabqjz7a6e9j1rlc33tvuk7bxxhanwe8pp0:latest/table_key.table.json", "path": "media/table/table_key_331_67bce5f37f96630ea71c.table.json", "ncols": 5, "nrows": 410}, "_timestamp": 1661989652.4331481, "_runtime": 1096.767394065857, "_step": 332, "learning rate/pg1": 2.8651304304302033e-08, "learning rate/pg2": 2.8651304304302033e-08, "trainer/global_step": 5339, "loss": 0.4976864755153656, "epoch": 59, "em_score": {"max": 0.08048780262470245}, "f1_score": {"max": 0.20803481340408325}, "_wandb": {"runtime": 1100}}