{"table_key": {"_type": "table-file", "sha256": "f365a24fb563b88c81b9ddcb768c7fc88af3f9bb1f16c9222dcd5893da3d80ce", "size": 50871, "artifact_path": "wandb-client-artifact://v7uib2vtrk4jifajc1ljh9rfw6bhxp0l2n7tmsz1j8n2hc7is75t5s9w19j72lr50yzfwulwy6wrxm3t9k7aw0bl5c6n1s6900pjyqvu6ocj7py4udm3p2v4uarzo4cm:latest/table_key.table.json", "_latest_artifact_path": "wandb-client-artifact://v7uib2vtrk4jifajc1ljh9rfw6bhxp0l2n7tmsz1j8n2hc7is75t5s9w19j72lr50yzfwulwy6wrxm3t9k7aw0bl5c6n1s6900pjyqvu6ocj7py4udm3p2v4uarzo4cm:latest/table_key.table.json", "path": "media/table/table_key_499_f365a24fb563b88c81b9.table.json", "ncols": 5, "nrows": 410}, "_timestamp": 1661405485.2208278, "_runtime": 1576.7831048965454, "_step": 500, "learning rate/pg1": 3.5544909378486295e-08, "learning rate/pg2": 3.5544909378486295e-08, "trainer/global_step": 8009, "loss": 1.950310230255127, "epoch": 89, "em_score": {"max": 0.05121951177716255}, "f1_score": {"max": 0.21740378439426422}, "_wandb": {"runtime": 1576}}