{"table_key": {"_type": "table-file", "sha256": "5cb01f9a4209959e39af441dd6f74b5afab79a7f1a8d214245087ec21712b70e", "size": 50915, "artifact_path": "wandb-client-artifact://ni93w89i018twhutwf4cw1p7vnb7us6xhsxpys0yk0lujiyzfyyombtuff3w9d820x4zhftdalrsc0d2w7rhcrn8j1v45q3rd965vrtz3l6smllirwymtmdn5m23yqsk:latest/table_key.table.json", "_latest_artifact_path": "wandb-client-artifact://ni93w89i018twhutwf4cw1p7vnb7us6xhsxpys0yk0lujiyzfyyombtuff3w9d820x4zhftdalrsc0d2w7rhcrn8j1v45q3rd965vrtz3l6smllirwymtmdn5m23yqsk:latest/table_key.table.json", "path": "media/table/table_key_165_5cb01f9a4209959e39af.table.json", "ncols": 5, "nrows": 410}, "_timestamp": 1660880768.903188, "_runtime": 519.9455509185791, "_step": 166, "learning rate/pg1": 8.595391291290609e-08, "learning rate/pg2": 8.595391291290609e-08, "trainer/global_step": 2669, "loss": 0.6712814569473267, "epoch": 29, "em_score": {"max": 0.046341463923454285}, "f1_score": {"max": 0.14062976837158203}, "_wandb": {"runtime": 523}}