{"table_key": {"_type": "table-file", "sha256": "2ae41f9fc56308cbbf99031b671f3a2fabd8ec0ec353c7f740c57de67fcd9cd4", "size": 492989, "artifact_path": "wandb-client-artifact://dg7ye32w8wt0y9wn01ze5ko01eyo2b9jou1sj1alddq0rna04abp999iqtmfu39etqgj4t55b8aopiqfvypzijjs5y3oduajl3hhri2a02917yvgqgytwusaz41z8rhf:latest/table_key.table.json", "_latest_artifact_path": "wandb-client-artifact://dg7ye32w8wt0y9wn01ze5ko01eyo2b9jou1sj1alddq0rna04abp999iqtmfu39etqgj4t55b8aopiqfvypzijjs5y3oduajl3hhri2a02917yvgqgytwusaz41z8rhf:latest/table_key.table.json", "path": "media/table/table_key_177_2ae41f9fc56308cbbf99.table.json", "ncols": 5, "nrows": 4124}, "_timestamp": 1661835479.6958716, "_runtime": 3755.708644628525, "_step": 180, "learning rate/pg1": 0.0008866549215649396, "learning rate/pg2": 0.0008866549215649396, "trainer/global_step": 4049, "loss": 2.127190589904785, "epoch": 9, "em_score": {"max": 0.036129970103502274}, "f1_score": {"max": 0.16754114627838135}}