{"table_key": {"_type": "table-file", "sha256": "105eec9f1864a3bb84d87a87c26a08b608b88e8f84e1e1acc1e430996c4cb158", "size": 54737, "artifact_path": "wandb-client-artifact://varkxxulxx5bspu5lry55phhd5ap5f21ftpz0avpf5w5bflw6e4cxiynr9tz8ci8xc7d72eyigehk2rwgc6lk4ddaie9vq1eswlzcmfjxv0jb4nhawwn90walvruk44b:latest/table_key.table.json", "_latest_artifact_path": "wandb-client-artifact://varkxxulxx5bspu5lry55phhd5ap5f21ftpz0avpf5w5bflw6e4cxiynr9tz8ci8xc7d72eyigehk2rwgc6lk4ddaie9vq1eswlzcmfjxv0jb4nhawwn90walvruk44b:latest/table_key.table.json", "path": "media/table/table_key_571_105eec9f1864a3bb84d8.table.json", "ncols": 5, "nrows": 455}, "_timestamp": 1660655979, "_runtime": 1609, "_step": 572, "learning rate/pg1": 0.0007424697819250044, "learning rate/pg2": 0.0007424697819250044, "trainer/global_step": 6419, "loss": 0.29083114862442017, "epoch": 29, "em_score": 0.04395604506134987, "f1_score": 0.14162957668304443, "_wandb": {"runtime": 1610}}