{"table_key": {"_type": "table-file", "sha256": "d83c64f8944fdde24db47b665da9968bdf3fdbcf0f106b314ca94ec30310b6aa", "size": 50238, "artifact_path": "wandb-client-artifact://tg01b6u8dnycy28y7vzi12lmm5j9o0m48wh2o1sgpiecd86ts17pvv9qo7opowpnco489uuh7su02p3d0w5iylkbsjea635h1rfktcdxgufzyj1exbm1n7sd7wkw4yjx:latest/table_key.table.json", "_latest_artifact_path": "wandb-client-artifact://tg01b6u8dnycy28y7vzi12lmm5j9o0m48wh2o1sgpiecd86ts17pvv9qo7opowpnco489uuh7su02p3d0w5iylkbsjea635h1rfktcdxgufzyj1exbm1n7sd7wkw4yjx:latest/table_key.table.json", "path": "media/table/table_key_499_d83c64f8944fdde24db4.table.json", "ncols": 5, "nrows": 410}, "_timestamp": 1661240975.8686824, "_runtime": 1431.5793642997742, "_step": 500, "learning rate/pg1": 1.18483031261621e-09, "learning rate/pg2": 1.18483031261621e-09, "trainer/global_step": 8009, "loss": 2.504497528076172, "epoch": 89, "em_score": {"max": 0.026829268783330917}, "f1_score": {"max": 0.19225504994392395}, "_wandb": {"runtime": 1434}}