{"table_key": {"_type": "table-file", "sha256": "c23672ac509bea2f7e2850745b3ede43af0107895f5ac8e8a4064d524f1c517b", "size": 50267, "artifact_path": "wandb-client-artifact://3gbe97ldl35rfk6yjtccc2e34npgevqtwodpksc5fklodd9p9jx7ebgaqvqzvp8zvo3ic1wg2h6kasbgns1ealyqe3cw7a8xjto3pbt0ych9p4t6oa34ngpb1ve0579s:latest/table_key.table.json", "_latest_artifact_path": "wandb-client-artifact://3gbe97ldl35rfk6yjtccc2e34npgevqtwodpksc5fklodd9p9jx7ebgaqvqzvp8zvo3ic1wg2h6kasbgns1ealyqe3cw7a8xjto3pbt0ych9p4t6oa34ngpb1ve0579s:latest/table_key.table.json", "path": "media/table/table_key_499_c23672ac509bea2f7e28.table.json", "ncols": 5, "nrows": 410}, "_timestamp": 1661927676.0568283, "_runtime": 1506.1237623691559, "_step": 500, "learning rate/pg1": 1.1848303126162098e-08, "learning rate/pg2": 1.1848303126162098e-08, "trainer/global_step": 8009, "loss": 2.1309025287628174, "epoch": 89, "em_score": {"max": 0.02926829271018505}, "f1_score": {"max": 0.21000288426876068}, "_wandb": {"runtime": 1506}}