{"table_key": {"_type": "table-file", "sha256": "8f5dde8bf37d4b2efa5db71420db39e466e43320cce2c539fda0393fa4542885", "size": 55355, "artifact_path": "wandb-client-artifact://14kjypoimowvf9k3fvxe1usr1exwumdk9h5q3ymuioujw6y4bpuc19edqwck0thbb36or12nrdi0ip9pka8zeoqb7mdt3tt5a6z2j14d05tjmmiyimrml53vzgqvplvg:latest/table_key.table.json", "_latest_artifact_path": "wandb-client-artifact://14kjypoimowvf9k3fvxe1usr1exwumdk9h5q3ymuioujw6y4bpuc19edqwck0thbb36or12nrdi0ip9pka8zeoqb7mdt3tt5a6z2j14d05tjmmiyimrml53vzgqvplvg:latest/table_key.table.json", "path": "media/table/table_key_138_8f5dde8bf37d4b2efa5d.table.json", "ncols": 5, "nrows": 469}, "_timestamp": 1660649810, "_runtime": 582, "_step": 139, "em_score": 0.051172707229852676, "f1_score": 0.1303962618112564, "epoch": 29, "trainer/global_step": 1019, "learning rate/pg1": 0.0007480039128540306, "learning rate/pg2": 0.0007480039128540306, "loss": 0.46768245100975037, "_wandb": {"runtime": 581}}