{"table_key": {"_type": "table-file", "sha256": "21a2fccb15ddabcdb3356a546b8c536a2e6eef36e8f1e59df5a95ce33fa39b70", "size": 51324, "artifact_path": "wandb-client-artifact://3fkwyl5q0rg9hfkprsictpm4597oqzdjwl7naqo69zh09aiypb4oczj0platfmf9vpcaz0gc3v6a8yatuuz9s91oiaz5jiya588ci6wt02izqanocs20beqt4eos0396:latest/table_key.table.json", "_latest_artifact_path": "wandb-client-artifact://3fkwyl5q0rg9hfkprsictpm4597oqzdjwl7naqo69zh09aiypb4oczj0platfmf9vpcaz0gc3v6a8yatuuz9s91oiaz5jiya588ci6wt02izqanocs20beqt4eos0396:latest/table_key.table.json", "path": "media/table/table_key_151_21a2fccb15ddabcdb335.table.json", "ncols": 5, "nrows": 455}, "_timestamp": 1660307086, "_runtime": 459, "_step": 152, "learning rate/pg1": 0.0007439097853810266, "learning rate/pg2": 0.0007439097853810266, "trainer/global_step": 1711, "loss": 1.0992509126663208, "epoch": 7, "em_score": 0.06373626738786697, "f1_score": 0.16780593991279602, "_wandb": {"runtime": 459}}