{"table_key": {"_type": "table-file", "sha256": "157955a3347d87b9b086133f7f964b337558bf7fd7997dd34d46691ef5b89135", "size": 49786, "artifact_path": "wandb-client-artifact://oca7gidxnyp4owz4hyz3s8shdmt37wa0b7wfevx7kfin8xy4it45e74myvii85rypzd9gm9gka1mh07yls85bfw59f31h5bkctp5gtnnum3ro7luebl2sev03e4e0krd:latest/table_key.table.json", "_latest_artifact_path": "wandb-client-artifact://oca7gidxnyp4owz4hyz3s8shdmt37wa0b7wfevx7kfin8xy4it45e74myvii85rypzd9gm9gka1mh07yls85bfw59f31h5bkctp5gtnnum3ro7luebl2sev03e4e0krd:latest/table_key.table.json", "path": "media/table/table_key_499_157955a3347d87b9b086.table.json", "ncols": 5, "nrows": 410}, "_timestamp": 1661926485.1937013, "_runtime": 1323.9716682434082, "_step": 500, "learning rate/pg1": 1.1848303126162098e-08, "learning rate/pg2": 1.1848303126162098e-08, "trainer/global_step": 8009, "loss": 1.574562668800354, "epoch": 89, "em_score": {"max": 0.05609755963087082}, "f1_score": {"max": 0.21267054975032806}, "_wandb": {"runtime": 1323}}