{"table_key": {"_type": "table-file", "sha256": "4849802fcd4129b79a735ae80e536442dfac8b60f946aa6be79f82cc0357a0b4", "size": 51154, "artifact_path": "wandb-client-artifact://by73drmqsj14wskdsbz8zs9uxaqfsfqwl59amej7l9cs6f8udm3ar45xaenozpn4pk4bmj8tjlmtjbmjaxoju81yn0ysksfyczfchrphiwlcibiaonwtuda1gjxj1yl2:latest/table_key.table.json", "_latest_artifact_path": "wandb-client-artifact://by73drmqsj14wskdsbz8zs9uxaqfsfqwl59amej7l9cs6f8udm3ar45xaenozpn4pk4bmj8tjlmtjbmjaxoju81yn0ysksfyczfchrphiwlcibiaonwtuda1gjxj1yl2:latest/table_key.table.json", "path": "media/table/table_key_111_4849802fcd4129b79a73.table.json", "ncols": 5, "nrows": 410}, "_timestamp": 1660808947, "_runtime": 512, "_step": 112, "em_score": {"max": 0.09024390578269958}, "f1_score": {"max": 0.24026265740394592}, "epoch": 29, "trainer/global_step": 1319, "learning rate/pg1": 1.1595445988449453e-07, "learning rate/pg2": 1.1595445988449453e-07, "loss": 1.0087549686431885, "_wandb": {"runtime": 512}}