{"table_key": {"_type": "table-file", "sha256": "496299402b6972cb290e1f92cd25c82f3b7db8eb89e672f47ecc367cff056c40", "size": 600310, "artifact_path": "wandb-client-artifact://6ou7qua7b6m5z26jrp369tw8954y4sc6i973t7xu9kgkcqkor70ebb0jbyucq2u4x0hkt3jxosh20uy3l6t62kcyzn70rkqh3riexazfad620dy1mudafgycpt3nffs4:latest/table_key.table.json", "_latest_artifact_path": "wandb-client-artifact://6ou7qua7b6m5z26jrp369tw8954y4sc6i973t7xu9kgkcqkor70ebb0jbyucq2u4x0hkt3jxosh20uy3l6t62kcyzn70rkqh3riexazfad620dy1mudafgycpt3nffs4:latest/table_key.table.json", "path": "media/table/table_key_2161_496299402b6972cb290e.table.json", "ncols": 5, "nrows": 5037}, "_timestamp": 1661559895.265162, "_runtime": 18425.511696100235, "_step": 2168, "learning rate/pg1": 0.0001643050694273088, "learning rate/pg2": 4.929152082819264e-07, "trainer/global_step": 51849, "loss": 0.22552451491355896, "epoch": 47, "em_score": {"max": 0.04109589010477066}, "f1_score": {"max": 0.16710413992404938}}