{"table_key": {"_type": "table-file", "sha256": "019917c9fdfc51357b0116d98ebc96a6164dcd473d18ba5e8a81f83c947760df", "size": 49973, "artifact_path": "wandb-client-artifact://sewaxupzrkxbc4r8fvxf6yor74yg8r7mqw1lb4rtzss2qdc7p8ajnn4bwkeyliughd1x35cu6r6u147ltucy9w3ylfi7ug5n2adgiiiyptzn60riysvmfcfae447arel:latest/table_key.table.json", "_latest_artifact_path": "wandb-client-artifact://sewaxupzrkxbc4r8fvxf6yor74yg8r7mqw1lb4rtzss2qdc7p8ajnn4bwkeyliughd1x35cu6r6u147ltucy9w3ylfi7ug5n2adgiiiyptzn60riysvmfcfae447arel:latest/table_key.table.json", "path": "media/table/table_key_277_019917c9fdfc51357b01.table.json", "ncols": 5, "nrows": 410}, "_timestamp": 1661508441.9803467, "_runtime": 1538.0793297290802, "_step": 278, "learning rate/pg1": 1.2e-08, "learning rate/pg2": 1.2e-10, "trainer/global_step": 4449, "loss": 0.9132190942764282, "epoch": 49, "em_score": {"max": 0.06341463327407837}, "f1_score": {"max": 0.21982429921627045}, "_wandb": {"runtime": 1523}}