{"table_key": {"_type": "table-file", "sha256": "d7a04f13b2002f886cfb53e55234e5641264ee5d787d5e9aa329dfb0fc583ac9", "size": 50788, "artifact_path": "wandb-client-artifact://13rm4gcv7zd087casjw32e4tc572t49dx6rclnml42c5yr1vfo7fz6vo4ya1bm2cixcnfcjsqsq8iisus34l3pd1kx8tttacr3oa08vvte8lhvktjlex6scmmjw65jly:latest/table_key.table.json", "_latest_artifact_path": "wandb-client-artifact://13rm4gcv7zd087casjw32e4tc572t49dx6rclnml42c5yr1vfo7fz6vo4ya1bm2cixcnfcjsqsq8iisus34l3pd1kx8tttacr3oa08vvte8lhvktjlex6scmmjw65jly:latest/table_key.table.json", "path": "media/table/table_key_30_d7a04f13b2002f886cfb.table.json", "ncols": 5, "nrows": 410}, "_timestamp": 1660733136, "_runtime": 208, "_step": 31, "em_score": {"max": 0.03414634242653847}, "f1_score": {"max": 0.12854450941085815}, "epoch": 7, "trainer/global_step": 239, "learning rate/pg1": 0.000802469925925926, "learning rate/pg2": 0.000802469925925926, "loss": 1.1387404203414917, "_wandb": {"runtime": 208}}