{"table_key": {"_type": "table-file", "sha256": "34e5530ab1c17a79a392e7eefad268a9d9824cffe46d626739e4f3f91be26a15", "size": 54059, "artifact_path": "wandb-client-artifact://sllc4gn0n9xmc1p5o9v8vfa9o2anzgjtprhrvw3ayel4nqnliclkpexrbawjlurdo1wbrdqthdn2pnpslu61y8b39hu4m6uphwyyhao15lld8ur39ro4vg5cxcxfwye7:latest/table_key.table.json", "_latest_artifact_path": "wandb-client-artifact://sllc4gn0n9xmc1p5o9v8vfa9o2anzgjtprhrvw3ayel4nqnliclkpexrbawjlurdo1wbrdqthdn2pnpslu61y8b39hu4m6uphwyyhao15lld8ur39ro4vg5cxcxfwye7:latest/table_key.table.json", "path": "media/table/table_key_413_34e5530ab1c17a79a392.table.json", "ncols": 5, "nrows": 446}, "_timestamp": 1660653951, "_runtime": 1518, "_step": 414, "em_score": 0.04260089620947838, "f1_score": 0.15147900581359863, "epoch": 89, "trainer/global_step": 2969, "learning rate/pg1": 0.0007394820196523055, "learning rate/pg2": 0.0007394820196523055, "loss": 0.025643322616815567, "_wandb": {"runtime": 1519}}