{"table_key": {"_type": "table-file", "sha256": "77210bc43f316869080bdef2d781d082026b0412720a9c703e0a029b45253b05", "size": 50078, "artifact_path": "wandb-client-artifact://18i6c49fz2v9f4ae0884oljs91ijh2n4cvtz8o9kw8sazk9vkv72iev112hm50s6auu6hcto53upb2ozfcl7xbz7tuojlj4n4kn2rnk8obtltpif3yzyxj8jsgic5huf:latest/table_key.table.json", "_latest_artifact_path": "wandb-client-artifact://18i6c49fz2v9f4ae0884oljs91ijh2n4cvtz8o9kw8sazk9vkv72iev112hm50s6auu6hcto53upb2ozfcl7xbz7tuojlj4n4kn2rnk8obtltpif3yzyxj8jsgic5huf:latest/table_key.table.json", "path": "media/table/table_key_111_77210bc43f316869080b.table.json", "ncols": 5, "nrows": 410}, "_timestamp": 1660890992.7922423, "_runtime": 532.483805179596, "_step": 112, "em_score": {"max": 0.08292683213949203}, "f1_score": {"max": 0.20564965903759003}, "epoch": 29, "trainer/global_step": 1319, "learning rate/pg1": 3.478633796534836e-06, "learning rate/pg2": 3.478633796534836e-06, "loss": 0.09464099258184433, "_wandb": {"runtime": 537}}