{"table_key": {"_type": "table-file", "sha256": "806d29bd4abba4cdae9054cbc89cb9735056ae8096075ebf095234f2ecf484a6", "size": 50353, "artifact_path": "wandb-client-artifact://l8ydtj41bwkuzad7t4olutnhu77r4kxe550egcq3xgmuqngoklygi7tjmsyba4knrgy3kak89lbzw93s8ck9rbvl9h7su3rgrd8n6hvpt3nzht96rbd9iwct2684wnts:latest/table_key.table.json", "_latest_artifact_path": "wandb-client-artifact://l8ydtj41bwkuzad7t4olutnhu77r4kxe550egcq3xgmuqngoklygi7tjmsyba4knrgy3kak89lbzw93s8ck9rbvl9h7su3rgrd8n6hvpt3nzht96rbd9iwct2684wnts:latest/table_key.table.json", "path": "media/table/table_key_499_806d29bd4abba4cdae90.table.json", "ncols": 5, "nrows": 410}, "_timestamp": 1661941447.6714497, "_runtime": 2381.5576736927032, "_step": 500, "learning rate/pg1": 1.18483031261621e-09, "learning rate/pg2": 1.18483031261621e-09, "trainer/global_step": 8009, "loss": 2.1800732612609863, "epoch": 89, "em_score": {"max": 0.019512195140123367}, "f1_score": {"max": 0.17980535328388214}, "_wandb": {"runtime": 2382}}