{"table_key": {"_type": "table-file", "sha256": "8021525593705417b71a624782da1d0c8c43ef60eda7adb854b42ec3727a12ac", "size": 51122, "artifact_path": "wandb-client-artifact://8szx0het4pwapz5i23qpo7jpk2u4sxrzv937f2vcob3qjvouox4m3x1e3byzhvy8ehzp9yudu3ma0ely5njqm53muunu6n6hw11342ogrc6cwkf9yhod6l95fuadzofe:latest/table_key.table.json", "_latest_artifact_path": "wandb-client-artifact://8szx0het4pwapz5i23qpo7jpk2u4sxrzv937f2vcob3qjvouox4m3x1e3byzhvy8ehzp9yudu3ma0ely5njqm53muunu6n6hw11342ogrc6cwkf9yhod6l95fuadzofe:latest/table_key.table.json", "path": "media/table/table_key_111_8021525593705417b71a.table.json", "ncols": 5, "nrows": 410}, "_timestamp": 1660808953, "_runtime": 497, "_step": 112, "em_score": {"max": 0.09024390578269958}, "f1_score": {"max": 0.2372293621301651}, "epoch": 29, "trainer/global_step": 1319, "learning rate/pg1": 1.1595445988449453e-07, "learning rate/pg2": 1.1595445988449453e-07, "loss": 0.9852041006088257, "_wandb": {"runtime": 497}}