{"table_key": {"_type": "table-file", "sha256": "44e5ef8cd0796dc8d500f4d60f75c753f8b8794b003345e2c05ec458e36a4982", "size": 51409, "artifact_path": "wandb-client-artifact://tg24kw5dm6m3gcilpcyyhwm3clbb9j6lpx0t0qm1l981uktavjefthpyby2f9h8nscx5dkv26cx9jb6neyq3bn7q0pcsavodlm5opa5qax77ydk8n0lraz4lcmg7bu0l:latest/table_key.table.json", "_latest_artifact_path": "wandb-client-artifact://tg24kw5dm6m3gcilpcyyhwm3clbb9j6lpx0t0qm1l981uktavjefthpyby2f9h8nscx5dkv26cx9jb6neyq3bn7q0pcsavodlm5opa5qax77ydk8n0lraz4lcmg7bu0l:latest/table_key.table.json", "path": "media/table/table_key_277_44e5ef8cd0796dc8d500.table.json", "ncols": 5, "nrows": 410}, "_timestamp": 1661860519.3471437, "_runtime": 908.3763506412506, "_step": 278, "learning rate/pg1": 3.9999999999999996e-10, "learning rate/pg2": 3.9999999999999996e-10, "trainer/global_step": 4449, "loss": 0.673808753490448, "epoch": 49, "em_score": {"max": 0.09268292784690857}, "f1_score": {"max": 0.23319292068481445}, "_wandb": {"runtime": 908}}