{"table_key": {"_type": "table-file", "sha256": "12de672b7f499f52b41ceaa5320dca4a8c4cf23eb78d73003fc064cfd15be0ae", "size": 50830, "artifact_path": "wandb-client-artifact://1h7hcm1m5itmhq0dnew7fk29b20c0r6htj3ka6xshpk9tysdgz0y6m3bedc10iuk59qq6lxsj43qqkihsra6nnk2wdcici0g44cu0t3e670kzxvqurcukaogudjz22i3:latest/table_key.table.json", "_latest_artifact_path": "wandb-client-artifact://1h7hcm1m5itmhq0dnew7fk29b20c0r6htj3ka6xshpk9tysdgz0y6m3bedc10iuk59qq6lxsj43qqkihsra6nnk2wdcici0g44cu0t3e670kzxvqurcukaogudjz22i3:latest/table_key.table.json", "path": "media/table/table_key_499_12de672b7f499f52b41c.table.json", "ncols": 5, "nrows": 410}, "_timestamp": 1661239516.844463, "_runtime": 1483.4984021186829, "_step": 500, "learning rate/pg1": 3.5544909378486292e-09, "learning rate/pg2": 3.5544909378486292e-09, "trainer/global_step": 8009, "loss": 2.186004638671875, "epoch": 89, "em_score": {"max": 0.043902438133955}, "f1_score": {"max": 0.21829375624656677}, "_wandb": {"runtime": 1486}}