{"table_key": {"_type": "table-file", "sha256": "873dd246acae92908a090c3f96017698bb7c88c37498c2c358fc6b992cad622d", "size": 49776, "artifact_path": "wandb-client-artifact://st418r4ouov7seb5qym4prg68pmseay1563wv5t7p983h5kpsh0o0s18trvzc0634iscll796zbo89x3s0vn1qnutk39mydrn91zptebikj3rm0u0o2txdmpq08fixlz:latest/table_key.table.json", "_latest_artifact_path": "wandb-client-artifact://st418r4ouov7seb5qym4prg68pmseay1563wv5t7p983h5kpsh0o0s18trvzc0634iscll796zbo89x3s0vn1qnutk39mydrn91zptebikj3rm0u0o2txdmpq08fixlz:latest/table_key.table.json", "path": "media/table/table_key_187_873dd246acae92908a09.table.json", "ncols": 5, "nrows": 410}, "_timestamp": 1661498623.6605244, "_runtime": 732.8792634010315, "_step": 188, "em_score": {"max": 0.0731707289814949}, "f1_score": {"max": 0.20917697250843048}, "epoch": 49, "trainer/global_step": 2199, "learning rate/pg1": 1.2e-08, "learning rate/pg2": 3.9999999999999996e-10, "loss": 0.30671021342277527, "_wandb": {"runtime": 733}}