{"table_key": {"_type": "table-file", "sha256": "88ae6ce392f467b011e32d4db8500073943ebf4fb9cac5c7b3b27d4afaa0c953", "size": 50756, "artifact_path": "wandb-client-artifact://tb31pqd1e3gs1no060dk71de3nulh31dk5pzzxetp92y0816ciif37x8c7six04xy9ztcdclhpprn2vb47oxm5kv9h0knu2jlzmvlbipw1y0st794wala5918pg1bu7r:latest/table_key.table.json", "_latest_artifact_path": "wandb-client-artifact://tb31pqd1e3gs1no060dk71de3nulh31dk5pzzxetp92y0816ciif37x8c7six04xy9ztcdclhpprn2vb47oxm5kv9h0knu2jlzmvlbipw1y0st794wala5918pg1bu7r:latest/table_key.table.json", "path": "media/table/table_key_111_88ae6ce392f467b011e3.table.json", "ncols": 5, "nrows": 410}, "_timestamp": 1660895942.0937595, "_runtime": 498.98379349708557, "_step": 112, "em_score": {"max": 0.07073170691728592}, "f1_score": {"max": 0.18193650245666504}, "epoch": 29, "trainer/global_step": 1319, "learning rate/pg1": 1.1595445988449453e-06, "learning rate/pg2": 1.1595445988449453e-06, "loss": 0.24777108430862427, "_wandb": {"runtime": 504}}