{"table_key": {"_type": "table-file", "sha256": "4c94916a3b6fe70f44d55a9a83395bd931af36cb1e12627e29c101e03c945e62", "size": 51338, "artifact_path": "wandb-client-artifact://gachdkyrnnrq6g8os763smjoq77wx9327mdimp4zyb6v4pzvkf8p0ovhfcgknrbj4tcn30mf45cw1wumd5iy0v5sq8arp6ntmz1unibe576bdf22ehatuye7oqcl6id9:latest/table_key.table.json", "_latest_artifact_path": "wandb-client-artifact://gachdkyrnnrq6g8os763smjoq77wx9327mdimp4zyb6v4pzvkf8p0ovhfcgknrbj4tcn30mf45cw1wumd5iy0v5sq8arp6ntmz1unibe576bdf22ehatuye7oqcl6id9:latest/table_key.table.json", "path": "media/table/table_key_277_4c94916a3b6fe70f44d5.table.json", "ncols": 5, "nrows": 410}, "_timestamp": 1661506849.6832945, "_runtime": 2089.0992555618286, "_step": 278, "learning rate/pg1": 1.2e-08, "learning rate/pg2": 3.9999999999999996e-10, "trainer/global_step": 4449, "loss": 0.7854357361793518, "epoch": 49, "em_score": {"max": 0.08292683213949203}, "f1_score": {"max": 0.21741877496242523}, "_wandb": {"runtime": 2087}}