{"table_key": {"_type": "table-file", "sha256": "3f18fda0685902da322f662902cfbfa51805e2b268fa7bae53fd44fca16372a1", "size": 54662, "artifact_path": "wandb-client-artifact://qunpxciyddlolpbsurodfx3260ulq9c93c4fvw1v9asw5mjouzhtwvx36yslmm2lehfikiozn7gojh5qi4f2wbgdzhr0ga0n0cfvws718jsbligwuugs98g5f6i2yjuh:latest/table_key.table.json", "_latest_artifact_path": "wandb-client-artifact://qunpxciyddlolpbsurodfx3260ulq9c93c4fvw1v9asw5mjouzhtwvx36yslmm2lehfikiozn7gojh5qi4f2wbgdzhr0ga0n0cfvws718jsbligwuugs98g5f6i2yjuh:latest/table_key.table.json", "path": "media/table/table_key_147_3f18fda0685902da322f.table.json", "ncols": 5, "nrows": 446}, "_timestamp": 1660649517, "_runtime": 498, "_step": 148, "learning rate/pg1": 7.438578621794872e-05, "learning rate/pg2": 7.438578621794872e-05, "trainer/global_step": 1663, "loss": 1.494983434677124, "epoch": 7, "em_score": 0.08071748912334442, "f1_score": 0.21359862387180328, "_wandb": {"runtime": 499}}