{"table_key": {"_type": "table-file", "sha256": "0bd29bb3a18f8335fda57dcb2ca5494e50d13571bf4e1ecdf2648098cb0d6ebe", "size": 605089, "artifact_path": "wandb-client-artifact://45x9os0bbxa7f0o2kszsa9b787fu3unn81ztwzyq8f1ggrq7c4qwnmx0q151j00waaoc4yrk9de4j8lk9pdu03zjgkoct8iklrjvkfhpg7pdn3r4nvu4knj3fzk09at7:latest/table_key.table.json", "_latest_artifact_path": "wandb-client-artifact://45x9os0bbxa7f0o2kszsa9b787fu3unn81ztwzyq8f1ggrq7c4qwnmx0q151j00waaoc4yrk9de4j8lk9pdu03zjgkoct8iklrjvkfhpg7pdn3r4nvu4knj3fzk09at7:latest/table_key.table.json", "path": "media/table/table_key_2275_0bd29bb3a18f8335fda5.table.json", "ncols": 5, "nrows": 5037}, "_timestamp": 1660304820, "_runtime": 7852, "_step": 2276, "learning rate/pg1": 0.0007411885753303687, "learning rate/pg2": 0.0007411885753303687, "trainer/global_step": 28187, "loss": 0.043156251311302185, "epoch": 11, "em_score": 0.05082390457391739, "f1_score": 0.16436436772346497, "_wandb": {"runtime": 7849}}