{"table_key": {"_type": "table-file", "sha256": "6b02c34639b014a2da72eb4dcfceeb9128565c32e212702cb55c525886cef259", "size": 48568, "artifact_path": "wandb-client-artifact://i7csi23yt0pxfz8zu1fv17g75yi8gwvrleli0e6n5k5gmdz7jc463ty9eeexhs0v24siaxc8cm76wygjk710v1bd22706ml6uwm6lwwoheyovs060jfocard51mamtvz:latest/table_key.table.json", "_latest_artifact_path": "wandb-client-artifact://i7csi23yt0pxfz8zu1fv17g75yi8gwvrleli0e6n5k5gmdz7jc463ty9eeexhs0v24siaxc8cm76wygjk710v1bd22706ml6uwm6lwwoheyovs060jfocard51mamtvz:latest/table_key.table.json", "path": "media/table/table_key_143_6b02c34639b014a2da72.table.json", "ncols": 5, "nrows": 431}, "_timestamp": 1660330267, "_runtime": 592, "_step": 144, "learning rate/pg1": 0.0007431945518763797, "learning rate/pg2": 0.0007431945518763797, "trainer/global_step": 1607, "loss": 0.8488146662712097, "epoch": 7, "em_score": 0.06960556656122208, "f1_score": 0.15666726231575012, "_wandb": {"runtime": 592}}