{"table_key": {"_type": "table-file", "sha256": "6656d83ffed1e079a53672ea10587d758d7e57395817ca2536a12a042c57b203", "size": 51195, "artifact_path": "wandb-client-artifact://8vlibia85pnkjq0z8p7q9vt9fx68cdd9homzia3sdhd2uurmxa45q0bcr6es1eas5rx08zgbyzgfbg979slygmky52g5y1x5xsot16paz5citgnmw6dn5enw3j51xld1:latest/table_key.table.json", "_latest_artifact_path": "wandb-client-artifact://8vlibia85pnkjq0z8p7q9vt9fx68cdd9homzia3sdhd2uurmxa45q0bcr6es1eas5rx08zgbyzgfbg979slygmky52g5y1x5xsot16paz5citgnmw6dn5enw3j51xld1:latest/table_key.table.json", "path": "media/table/table_key_85_6656d83ffed1e079a536.table.json", "ncols": 5, "nrows": 410}, "_timestamp": 1660810163, "_runtime": 480, "_step": 86, "em_score": {"max": 0.08292683213949203}, "f1_score": {"max": 0.2393898218870163}, "epoch": 29, "trainer/global_step": 659, "learning rate/pg1": 1.1595445988449453e-07, "learning rate/pg2": 1.1595445988449453e-07, "loss": 1.2376294136047363, "_wandb": {"runtime": 480}}