{"table_key": {"_type": "table-file", "sha256": "da4cb47d0cacc156ce36c048d4f50e365323a122fedc99403211033e20070d9b", "size": 55710, "artifact_path": "wandb-client-artifact://q3dazgnxgx8dd1wtq607iivk8d39mnnco0qez5i75oh5s0rmu9gup20ve27jgfaq5paj59frele1t3qd4ivrosunij02hej0evnxkd8iih121g1nzwjly28ne7egq904:latest/table_key.table.json", "_latest_artifact_path": "wandb-client-artifact://q3dazgnxgx8dd1wtq607iivk8d39mnnco0qez5i75oh5s0rmu9gup20ve27jgfaq5paj59frele1t3qd4ivrosunij02hej0evnxkd8iih121g1nzwjly28ne7egq904:latest/table_key.table.json", "path": "media/table/table_key_151_da4cb47d0cacc156ce36.table.json", "ncols": 5, "nrows": 455}, "_timestamp": 1660650073, "_runtime": 528, "_step": 152, "learning rate/pg1": 7.439097853810265e-05, "learning rate/pg2": 7.439097853810265e-05, "trainer/global_step": 1711, "loss": 1.4933685064315796, "epoch": 7, "em_score": 0.07032967358827591, "f1_score": 0.19882486760616302, "_wandb": {"runtime": 529}}