{"table_key": {"_type": "table-file", "sha256": "e288c6d8e7f3649a6d56983954916e5bc594504741f12ab6bfa4e34fef617d07", "size": 50250, "artifact_path": "wandb-client-artifact://nw70i04cfdf84ljh6i7pm46pm4g4yfo0wpyclxz3srfk5q13sj4meylt8x95u2ihae3v0s45szq6nsjdu1fo16lzsvs2b3d6ec8ha1rhbvxqatycaz2vqgao8olce1z1:latest/table_key.table.json", "_latest_artifact_path": "wandb-client-artifact://nw70i04cfdf84ljh6i7pm46pm4g4yfo0wpyclxz3srfk5q13sj4meylt8x95u2ihae3v0s45szq6nsjdu1fo16lzsvs2b3d6ec8ha1rhbvxqatycaz2vqgao8olce1z1:latest/table_key.table.json", "path": "media/table/table_key_165_e288c6d8e7f3649a6d56.table.json", "ncols": 5, "nrows": 410}, "_timestamp": 1660891626.1364825, "_runtime": 588.4542744159698, "_step": 166, "learning rate/pg1": 8.595391291290609e-07, "learning rate/pg2": 8.595391291290609e-07, "trainer/global_step": 2669, "loss": 0.0436122752726078, "epoch": 29, "em_score": {"max": 0.08536585420370102}, "f1_score": {"max": 0.20680658519268036}, "_wandb": {"runtime": 590}}