{"table_key": {"_type": "table-file", "sha256": "45dc0cb284cb2b21a59e932bb6c80a387b5f520529a60f9788503f830b7ecbd9", "size": 52713, "artifact_path": "wandb-client-artifact://15b2nohwosgdg0w53dk4xc4u5yl721x7t8j95cnkmvdggpbwu2dhf9hr8pbl5p91cvnzp6ccx6t8fuxob8lii8hrmjgscq0ocxhz3awr37oqlq1jzurzzp8300b47925:latest/table_key.table.json", "_latest_artifact_path": "wandb-client-artifact://15b2nohwosgdg0w53dk4xc4u5yl721x7t8j95cnkmvdggpbwu2dhf9hr8pbl5p91cvnzp6ccx6t8fuxob8lii8hrmjgscq0ocxhz3awr37oqlq1jzurzzp8300b47925:latest/table_key.table.json", "path": "media/table/table_key_401_45dc0cb284cb2b21a59e.table.json", "ncols": 5, "nrows": 431}, "_timestamp": 1660652406, "_runtime": 1468, "_step": 402, "em_score": 0.04640371352434158, "f1_score": 0.1740189492702484, "epoch": 89, "trainer/global_step": 2879, "learning rate/pg1": 0.0007407417777777778, "learning rate/pg2": 0.0007407417777777778, "loss": 0.005134458653628826, "_wandb": {"runtime": 1468}}