{"table_key": {"_type": "table-file", "sha256": "3165da1de579eedae18f958bc894bdde6190ef70beb4a1234d2dafb8c4b52d4d", "size": 19824, "artifact_path": "wandb-client-artifact://108lketgtglry9hmss1r1kh6fu0m6ezjdrwctevxvu7a7t5qhm7not5u1l915nj6kwwvlwl5ojs72atjls75wvc3sp9v8bfi673t9bgvgrhrpkzmnq2pp8491i4w34g7:latest/table_key.table.json", "_latest_artifact_path": "wandb-client-artifact://108lketgtglry9hmss1r1kh6fu0m6ezjdrwctevxvu7a7t5qhm7not5u1l915nj6kwwvlwl5ojs72atjls75wvc3sp9v8bfi673t9bgvgrhrpkzmnq2pp8491i4w34g7:latest/table_key.table.json", "path": "media/table/table_key_0_3165da1de579eedae18f.table.json", "ncols": 5, "nrows": 64}, "_timestamp": 1661988061.4773726, "_runtime": 22.879449605941772, "_step": 2, "learning rate/pg1": 4.088334216774273e-05, "learning rate/pg2": 4.088334216774273e-05, "trainer/global_step": 49, "loss": 15.994844436645508, "epoch": 0}