{"table_key": {"_type": "table-file", "sha256": "6d5a30bdc26352277870351af03711c3116e10a3f79e2cfd908f178768be154e", "size": 609972, "artifact_path": "wandb-client-artifact://2kvtcgyi013t07lo1f4iz1tp0fex1kdiprtuotma6awwyizzig2jwv46obo4vmrh32qrdfgpas9rns6r6jj6rab6st5me7fyxtwq3v2jj8t9a1e4uqe8erurdkym52y2:latest/table_key.table.json", "_latest_artifact_path": "wandb-client-artifact://2kvtcgyi013t07lo1f4iz1tp0fex1kdiprtuotma6awwyizzig2jwv46obo4vmrh32qrdfgpas9rns6r6jj6rab6st5me7fyxtwq3v2jj8t9a1e4uqe8erurdkym52y2:latest/table_key.table.json", "path": "media/table/table_key_1379_6d5a30bdc26352277870.table.json", "ncols": 5, "nrows": 5037}, "_timestamp": 1660919827.7525358, "_runtime": 4936.441666841507, "_step": 1380, "learning rate/pg1": 4e-09, "learning rate/pg2": 4e-09, "trainer/global_step": 32999, "loss": 0.04294915124773979, "epoch": 29, "em_score": {"max": 0.05380186438560486}, "f1_score": {"max": 0.16498371958732605}, "_wandb": {"runtime": 4940}}