{"table_key": {"_type": "table-file", "sha256": "9a37bed7edf590e7614ddc0137cc27f23a65e5277e5d161b52bbba8c8f2d1cae", "size": 599310, "artifact_path": "wandb-client-artifact://zof8bro91ll1h0hute15qabodzbd0sdg1jd67i9hn20mkem0fuzmnyp66ywve5m49tafdm4t4mdruip5ytxx4r6rel1tu5gj3t0intdw9uvsx4trxjzx8mfx44ft77k7:latest/table_key.table.json", "_latest_artifact_path": "wandb-client-artifact://zof8bro91ll1h0hute15qabodzbd0sdg1jd67i9hn20mkem0fuzmnyp66ywve5m49tafdm4t4mdruip5ytxx4r6rel1tu5gj3t0intdw9uvsx4trxjzx8mfx44ft77k7:latest/table_key.table.json", "path": "media/table/table_key_2299_9a37bed7edf590e7614d.table.json", "ncols": 5, "nrows": 5037}, "_timestamp": 1661522282.3921738, "_runtime": 19887.850252866745, "_step": 2300, "learning rate/pg1": 4e-08, "learning rate/pg2": 1.1999999999999998e-09, "trainer/global_step": 54999, "loss": 0.0360042043030262, "epoch": 49, "em_score": {"max": 0.05955926328897476}, "f1_score": {"max": 0.1789115071296692}, "_wandb": {"runtime": 19889}}