{"table_key": {"_type": "table-file", "sha256": "8e021b98fc2e6c3340aaa4d895004e002356deb6529c7cd81725b87029528290", "size": 55780, "artifact_path": "wandb-client-artifact://13c8934ykud2qvwavhpi7qvjfao8uvekz1zak7cekam9cirv53rn85zd3216hrn9knorl3qehvqnecutpl085rkjbc7a1t01wflo89ywdvawtkl8f75r60fwh0p5mvr6:latest/table_key.table.json", "_latest_artifact_path": "wandb-client-artifact://13c8934ykud2qvwavhpi7qvjfao8uvekz1zak7cekam9cirv53rn85zd3216hrn9knorl3qehvqnecutpl085rkjbc7a1t01wflo89ywdvawtkl8f75r60fwh0p5mvr6:latest/table_key.table.json", "path": "media/table/table_key_573_8e021b98fc2e6c3340aa.table.json", "ncols": 5, "nrows": 469}, "_timestamp": 1660657597, "_runtime": 1589, "_step": 574, "learning rate/pg1": 0.000741886658423493, "learning rate/pg2": 0.000741886658423493, "trainer/global_step": 6479, "loss": 0.022599898278713226, "epoch": 29, "em_score": 0.051172707229852676, "f1_score": 0.14693263173103333, "_wandb": {"runtime": 1588}}