{"table_key": {"_type": "table-file", "sha256": "ca2c2f0952d2bd0c2c585d5fbb6cb944c43d5302c989ca99457f1f09cf764da5", "size": 49796, "artifact_path": "wandb-client-artifact://11ghgwehh2lg3fgew68yufakp0kgp4ach766ef7g6w5bjg1s0g237p49tzicqsu4eticwtd8202s9obsn75awzaas6kdnwyev6ndjjgrm446jobiio7ydw6nf76ltp2d:latest/table_key.table.json", "_latest_artifact_path": "wandb-client-artifact://11ghgwehh2lg3fgew68yufakp0kgp4ach766ef7g6w5bjg1s0g237p49tzicqsu4eticwtd8202s9obsn75awzaas6kdnwyev6ndjjgrm446jobiio7ydw6nf76ltp2d:latest/table_key.table.json", "path": "media/table/table_key_277_ca2c2f0952d2bd0c2c58.table.json", "ncols": 5, "nrows": 410}, "_timestamp": 1661508940.5427725, "_runtime": 994.5546374320984, "_step": 278, "learning rate/pg1": 4e-09, "learning rate/pg2": 4e-09, "trainer/global_step": 4449, "loss": 1.5381766557693481, "epoch": 49, "em_score": {"max": 0.043902438133955}, "f1_score": {"max": 0.21200604736804962}, "_wandb": {"runtime": 999}}