{"table_key": {"_type": "table-file", "sha256": "9b00ebc6c7d78cc0eb6b0cc644fc4e85c9193c6cca01189ea721762440a507a7", "size": 610266, "artifact_path": "wandb-client-artifact://qe7a9eunl0uzv5wauichn34hje96z78mm3kg7nil1k78a7efpioj00x50rw87w9img6udcw5pqs21yxd6wdc9knhsvpl3lyl7rtab9mahnp35jtuhzrngs6dnlxbf5he:latest/table_key.table.json", "_latest_artifact_path": "wandb-client-artifact://qe7a9eunl0uzv5wauichn34hje96z78mm3kg7nil1k78a7efpioj00x50rw87w9img6udcw5pqs21yxd6wdc9knhsvpl3lyl7rtab9mahnp35jtuhzrngs6dnlxbf5he:latest/table_key.table.json", "path": "media/table/table_key_719_9b00ebc6c7d78cc0eb6b.table.json", "ncols": 5, "nrows": 5037}, "_timestamp": 1660923961.5736632, "_runtime": 4106.058317184448, "_step": 720, "learning rate/pg1": 4e-09, "learning rate/pg2": 4e-09, "trainer/global_step": 16499, "loss": 0.07728926837444305, "epoch": 29, "em_score": {"max": 0.04983124881982803}, "f1_score": {"max": 0.16714954376220703}, "_wandb": {"runtime": 4108}}