{"table_key": {"_type": "table-file", "sha256": "13e7a40c7ad7f81829d5183ffe6f9c70820ded6b831ea1971e88142b4f395e37", "size": 49693, "artifact_path": "wandb-client-artifact://9wi873v4wm6c6ykt0nqov34g8ps095iceieeduwuxf8pjhar7vn90jbfwvszgescbetrjt46s1k1rpiuo5mvt81z0gvaxcjdfsiccze33pydxalxeagmmobb9ykvkcxh:latest/table_key.table.json", "_latest_artifact_path": "wandb-client-artifact://9wi873v4wm6c6ykt0nqov34g8ps095iceieeduwuxf8pjhar7vn90jbfwvszgescbetrjt46s1k1rpiuo5mvt81z0gvaxcjdfsiccze33pydxalxeagmmobb9ykvkcxh:latest/table_key.table.json", "path": "media/table/table_key_665_13e7a40c7ad7f81829d5.table.json", "ncols": 5, "nrows": 410}, "_timestamp": 1661473708.3698606, "_runtime": 2073.313655614853, "_step": 666, "learning rate/pg1": 4.3731612306534884e-08, "learning rate/pg2": 4.3731612306534884e-08, "trainer/global_step": 10679, "loss": 1.4506293535232544, "epoch": 119, "em_score": {"max": 0.07073170691728592}, "f1_score": {"max": 0.22095686197280884}, "_wandb": {"runtime": 2073}}