{"table_key": {"_type": "table-file", "sha256": "9bd1ce3edd44c3fade3ea7abfa07542fe64e3bd3f0f9c19f457688b2119367ea", "size": 55820, "artifact_path": "wandb-client-artifact://n9vs5183kgak4vxce59cnct8iu6vindefwiajm6dye2pj4tnqodxki772d97u7ywcsmd1yix26rm8t387jg1ibrrjanzutkevv9520puuk1csy9hlpyz9tfa5mjl2sc6:latest/table_key.table.json", "_latest_artifact_path": "wandb-client-artifact://n9vs5183kgak4vxce59cnct8iu6vindefwiajm6dye2pj4tnqodxki772d97u7ywcsmd1yix26rm8t387jg1ibrrjanzutkevv9520puuk1csy9hlpyz9tfa5mjl2sc6:latest/table_key.table.json", "path": "media/table/table_key_420_9bd1ce3edd44c3fade3e.table.json", "ncols": 5, "nrows": 469}, "_timestamp": 1660657145, "_runtime": 1591, "_step": 421, "em_score": 0.04264392331242561, "f1_score": 0.1421281099319458, "epoch": 89, "trainer/global_step": 3059, "learning rate/pg1": 0.00074195213362382, "learning rate/pg2": 0.00074195213362382, "loss": 0.0340752974152565, "_wandb": {"runtime": 1589}}