{"table_key": {"_type": "table-file", "sha256": "52b2efa35846a85108346c672184d7f3fdd685d69d70bf821c4ef4c8a9ad1d4e", "size": 7566, "artifact_path": "wandb-client-artifact://18sorf6p0hl73qe7fqha39kckp2gccyb3ovkjbdghcyk6lawztzoqc3mrk9m7nwhs110hgmr694j5ikbuf20br6it1m2w64uif6dy1joaytc3xlyepv6nuk10ycf2acx:latest/table_key.table.json", "_latest_artifact_path": "wandb-client-artifact://18sorf6p0hl73qe7fqha39kckp2gccyb3ovkjbdghcyk6lawztzoqc3mrk9m7nwhs110hgmr694j5ikbuf20br6it1m2w64uif6dy1joaytc3xlyepv6nuk10ycf2acx:latest/table_key.table.json", "path": "media/table/table_key_0_52b2efa35846a8510834.table.json", "ncols": 5, "nrows": 64}, "_timestamp": 1660906024.1391113, "_runtime": 62.779428243637085, "_step": 32, "learning rate/pg1": 0.0007237451011878971, "learning rate/pg2": 0.0007237451011878971, "trainer/global_step": 799, "loss": 1.590178370475769, "epoch": 0}