{"table_key": {"_type": "table-file", "sha256": "437602ed17ef22b088e062607c188510af6778cea09f3477cd31ad252cc309ee", "size": 50529, "artifact_path": "wandb-client-artifact://yvw98nkzslortssfcf757bhusuf1gyeiuuzswblgnrpmztijp3oadfk1ksjrye0wqbaik3fkxll3vd228b0zk01mroou3xxy2ehsklzrbyy2p63g6u3qyeakx0gfsx19:latest/table_key.table.json", "_latest_artifact_path": "wandb-client-artifact://yvw98nkzslortssfcf757bhusuf1gyeiuuzswblgnrpmztijp3oadfk1ksjrye0wqbaik3fkxll3vd228b0zk01mroou3xxy2ehsklzrbyy2p63g6u3qyeakx0gfsx19:latest/table_key.table.json", "path": "media/table/table_key_165_437602ed17ef22b088e0.table.json", "ncols": 5, "nrows": 410}, "_timestamp": 1661988382.3705873, "_runtime": 540.9034264087677, "_step": 166, "learning rate/pg1": 2.8651304304302033e-08, "learning rate/pg2": 2.8651304304302033e-08, "trainer/global_step": 2669, "loss": 0.7509135007858276, "epoch": 29, "em_score": {"max": 0.07560975849628448}, "f1_score": {"max": 0.2024753838777542}, "_wandb": {"runtime": 546}}