{"table_key": {"_type": "table-file", "sha256": "d5126057d90a1f2f9134e22c1542370abe1d146824d9ef45339422650208bf3b", "size": 53810, "artifact_path": "wandb-client-artifact://h298smao0bj54tobo6odr5neugmy4gg24l1jly0mw5eggxmc1131fcbfiv3n6i4qhpyvgdf99xukzm34h8i1aly0k8y22lr32xq1ss9uuffvujf3hdtnrbv40ub81via:latest/table_key.table.json", "_latest_artifact_path": "wandb-client-artifact://h298smao0bj54tobo6odr5neugmy4gg24l1jly0mw5eggxmc1131fcbfiv3n6i4qhpyvgdf99xukzm34h8i1aly0k8y22lr32xq1ss9uuffvujf3hdtnrbv40ub81via:latest/table_key.table.json", "path": "media/table/table_key_554_d5126057d90a1f2f9134.table.json", "ncols": 5, "nrows": 446}, "_timestamp": 1660654342, "_runtime": 1554, "_step": 555, "learning rate/pg1": 0.0007431159373219374, "learning rate/pg2": 0.0007431159373219374, "trainer/global_step": 6239, "loss": 0.05803598091006279, "epoch": 29, "em_score": 0.035874441266059875, "f1_score": 0.16023153066635132, "_wandb": {"runtime": 1553}}