{"table_key": {"_type": "table-file", "sha256": "694bdb9ef5a79d85bddac7c57d35e1a183661711a032e8d9c7789429896056b7", "size": 51573, "artifact_path": "wandb-client-artifact://7znyv8p6a570zunvjge97u1gc7pa6s0bka0s89glbhntpgee7046l63guhf3yx1n4uaxx7j8aoojx39sfieqoc4jdavw5im67bwxwtg6ffps2xmkvtxtwspb0tamgot4:latest/table_key.table.json", "_latest_artifact_path": "wandb-client-artifact://7znyv8p6a570zunvjge97u1gc7pa6s0bka0s89glbhntpgee7046l63guhf3yx1n4uaxx7j8aoojx39sfieqoc4jdavw5im67bwxwtg6ffps2xmkvtxtwspb0tamgot4:latest/table_key.table.json", "path": "media/table/table_key_277_694bdb9ef5a79d85bdda.table.json", "ncols": 5, "nrows": 410}, "_timestamp": 1661501266.6849935, "_runtime": 875.3601446151733, "_step": 278, "learning rate/pg1": 4e-08, "learning rate/pg2": 3.9999999999999996e-10, "trainer/global_step": 4449, "loss": 0.8158025145530701, "epoch": 49, "em_score": {"max": 0.07804878056049347}, "f1_score": {"max": 0.22298897802829742}, "_wandb": {"runtime": 879}}