{"table_key": {"_type": "table-file", "sha256": "3895067c93080547ea4c597a771b12ecd9d2e89e5f54bbf9e07f148f616a04ed", "size": 603056, "artifact_path": "wandb-client-artifact://6tc2im70rwna6rfr6h41xkv5p2ijjmecz486oui6c66dmtx76htbhjn61rjugxuq7eu7vzrxdqiw0u440fuztlqhewx91y3rn13o27wgppkqd3fkcrkre0cadkmcn9cb:latest/table_key.table.json", "_latest_artifact_path": "wandb-client-artifact://6tc2im70rwna6rfr6h41xkv5p2ijjmecz486oui6c66dmtx76htbhjn61rjugxuq7eu7vzrxdqiw0u440fuztlqhewx91y3rn13o27wgppkqd3fkcrkre0cadkmcn9cb:latest/table_key.table.json", "path": "media/table/table_key_719_3895067c93080547ea4c.table.json", "ncols": 5, "nrows": 5037}, "_timestamp": 1660914862.046433, "_runtime": 4165.179600954056, "_step": 720, "learning rate/pg1": 1.2e-08, "learning rate/pg2": 1.2e-08, "trainer/global_step": 16499, "loss": 0.025340717285871506, "epoch": 29, "em_score": {"max": 0.06313281506299973}, "f1_score": {"max": 0.17687390744686127}, "_wandb": {"runtime": 4170}}