{"table_key": {"_type": "table-file", "sha256": "b6af82c24d08346cb6c80598c8f5ee91b522eff2ee15c4f2174c0c8a534eca81", "size": 51623, "artifact_path": "wandb-client-artifact://ei4ypcm4nznloptpefgz2kdjf66v96ofak1rhh0sboezq35iowzzykwyicfixwjicpjndnfz7v5c91x0ja2s1tbfwsaveg8a7yukhizwz2eqmtcd2g24v1y2w46n8cvs:latest/table_key.table.json", "_latest_artifact_path": "wandb-client-artifact://ei4ypcm4nznloptpefgz2kdjf66v96ofak1rhh0sboezq35iowzzykwyicfixwjicpjndnfz7v5c91x0ja2s1tbfwsaveg8a7yukhizwz2eqmtcd2g24v1y2w46n8cvs:latest/table_key.table.json", "path": "media/table/table_key_277_b6af82c24d08346cb6c8.table.json", "ncols": 5, "nrows": 410}, "_timestamp": 1661862201.9813025, "_runtime": 892.4090464115143, "_step": 278, "learning rate/pg1": 3.9999999999999996e-10, "learning rate/pg2": 3.9999999999999996e-10, "trainer/global_step": 4449, "loss": 0.6886283755302429, "epoch": 49, "em_score": {"max": 0.08780487626791}, "f1_score": {"max": 0.22763493657112122}, "_wandb": {"runtime": 892}}