{"table_key": {"_type": "table-file", "sha256": "ef4d3ba7da2328c23a211b1034ad3fa486d0fe62ffc6f6bd59eb9123cbb0780b", "size": 49947, "artifact_path": "wandb-client-artifact://ekasujeyk52xojb5lvtljrx9lur47wz1qqo9riok6gq16npmqt45y60v40if19txd8usqmop5r905sqbqf2y0csawn24nzax88h65kvqqnbiv1czo081bttzb6keqvdl:latest/table_key.table.json", "_latest_artifact_path": "wandb-client-artifact://ekasujeyk52xojb5lvtljrx9lur47wz1qqo9riok6gq16npmqt45y60v40if19txd8usqmop5r905sqbqf2y0csawn24nzax88h65kvqqnbiv1czo081bttzb6keqvdl:latest/table_key.table.json", "path": "media/table/table_key_665_ef4d3ba7da2328c23a21.table.json", "ncols": 5, "nrows": 410}, "_timestamp": 1661428997.2719166, "_runtime": 2092.0245447158813, "_step": 666, "learning rate/pg1": 4.3731612306534884e-08, "learning rate/pg2": 4.3731612306534884e-08, "trainer/global_step": 10679, "loss": 1.9187586307525635, "epoch": 119, "em_score": {"max": 0.06829268485307693}, "f1_score": {"max": 0.21594145894050598}, "_wandb": {"runtime": 2086}}