{"table_key": {"_type": "table-file", "sha256": "0eac3f5a3119dc990206149836158d9f3d3b3c6d61140dcb8934e32acfe71808", "size": 50625, "artifact_path": "wandb-client-artifact://bwwdtq5gh1d5448vwtb38ao4ptpr7q4z8n29o39zrlosd03qcr12j0tvcd4s8zzarlb09kf6cfm1mjjc8lrqt6hof6gj9comlicpxsjk0xtzl86oqve4gz77qcvlnaq1:latest/table_key.table.json", "_latest_artifact_path": "wandb-client-artifact://bwwdtq5gh1d5448vwtb38ao4ptpr7q4z8n29o39zrlosd03qcr12j0tvcd4s8zzarlb09kf6cfm1mjjc8lrqt6hof6gj9comlicpxsjk0xtzl86oqve4gz77qcvlnaq1:latest/table_key.table.json", "path": "media/table/table_key_331_0eac3f5a3119dc990206.table.json", "ncols": 5, "nrows": 410}, "_timestamp": 1661989647.7764075, "_runtime": 1105.2555394172668, "_step": 332, "learning rate/pg1": 2.8651304304302033e-08, "learning rate/pg2": 2.8651304304302033e-08, "trainer/global_step": 5339, "loss": 0.4878871440887451, "epoch": 59, "em_score": {"max": 0.07073170691728592}, "f1_score": {"max": 0.20185883343219757}, "_wandb": {"runtime": 1110}}