{"table_key": {"_type": "table-file", "sha256": "c0cd060bde5f1f2661f8bf9e92d010574f3490fe0eff9891dd5c221820ac60cc", "size": 50947, "artifact_path": "wandb-client-artifact://q0ijizf9ugccqr2winjzqmyqu2za7yx88g0mdlsqanaardm0prqelj2rmvu12y3dsv4rid2vo7po7dlxg0ets5p4wyjkws4aidofhw9i9gvgdm8kp5pvjinrae6sa9sb:latest/table_key.table.json", "_latest_artifact_path": "wandb-client-artifact://q0ijizf9ugccqr2winjzqmyqu2za7yx88g0mdlsqanaardm0prqelj2rmvu12y3dsv4rid2vo7po7dlxg0ets5p4wyjkws4aidofhw9i9gvgdm8kp5pvjinrae6sa9sb:latest/table_key.table.json", "path": "media/table/table_key_199_c0cd060bde5f1f2661f8.table.json", "ncols": 5, "nrows": 410}, "_timestamp": 1661989223.7697768, "_runtime": 681.2489087581635, "_step": 202, "learning rate/pg1": 5.923380139010181e-05, "learning rate/pg2": 5.923380139010181e-05, "trainer/global_step": 3249, "loss": 0.6297113299369812, "epoch": 36, "em_score": {"max": 0.07073170691728592}, "f1_score": {"max": 0.20185883343219757}}