{"table_key": {"_type": "table-file", "sha256": "e561d1af8ec19e12b26f169222a4dcaa7c9f1c8406901bfa69985cf7389cf540", "size": 604148, "artifact_path": "wandb-client-artifact://3dmih5g37ta3qd1sphqkfx0lrfv7r4yn4pew190xfvo81mat6tcxal980ga5eb100gb235kma2ofzkcvvmwcisddxzudq0wq02s5d9jozd8237ehhds1qh15i9d24vay:latest/table_key.table.json", "_latest_artifact_path": "wandb-client-artifact://3dmih5g37ta3qd1sphqkfx0lrfv7r4yn4pew190xfvo81mat6tcxal980ga5eb100gb235kma2ofzkcvvmwcisddxzudq0wq02s5d9jozd8237ehhds1qh15i9d24vay:latest/table_key.table.json", "path": "media/table/table_key_247_e561d1af8ec19e12b26f.table.json", "ncols": 5, "nrows": 5037}, "_timestamp": 1660646162, "_runtime": 1502, "_step": 248, "learning rate/pg1": 0.0007452830856796851, "learning rate/pg2": 0.0007452830856796851, "trainer/global_step": 2935, "loss": 0.3296203315258026, "epoch": 7, "em_score": 0.05717689171433449, "f1_score": 0.16240747272968292, "_wandb": {"runtime": 1502}}