{"table_key": {"_type": "table-file", "sha256": "ccf9bc0a0b906129358d29c48b35994ce02c6be14229f0894d20a755aa8ea2a3", "size": 50619, "artifact_path": "wandb-client-artifact://12m80vg37q1s3rhx9wh4lts7blwny1p60re0ksxqwr7o24wr7xmaqtub158hj1h3tibbammpg4png6dujtw8ce5nx2lg8mv18al1ugdxjqwq57aayio2f2mkcme5s4n1:latest/table_key.table.json", "_latest_artifact_path": "wandb-client-artifact://12m80vg37q1s3rhx9wh4lts7blwny1p60re0ksxqwr7o24wr7xmaqtub158hj1h3tibbammpg4png6dujtw8ce5nx2lg8mv18al1ugdxjqwq57aayio2f2mkcme5s4n1:latest/table_key.table.json", "path": "media/table/table_key_111_ccf9bc0a0b906129358d.table.json", "ncols": 5, "nrows": 410}, "_timestamp": 1660894869.2731616, "_runtime": 504.7923057079315, "_step": 112, "em_score": {"max": 0.07073170691728592}, "f1_score": {"max": 0.17811141908168793}, "epoch": 29, "trainer/global_step": 1319, "learning rate/pg1": 1.1595445988449453e-06, "learning rate/pg2": 1.1595445988449453e-06, "loss": 0.3050442636013031, "_wandb": {"runtime": 508}}