{"table_key": {"_type": "table-file", "sha256": "a2a6ca80f47b081ef40a5f1154e9548728e5bfbc2f4bedf321b967506405cd7f", "size": 52654, "artifact_path": "wandb-client-artifact://kkn057wnot73q9yxfruokirpgjvfdtkkojvv08fwiksj4xrc03wbz1g5ydftxk1tmjpfxp58oq505cp8z7pcc1z960vil3aghvt6iol1pqsx6eo2lvrivn9s3feeuntv:latest/table_key.table.json", "_latest_artifact_path": "wandb-client-artifact://kkn057wnot73q9yxfruokirpgjvfdtkkojvv08fwiksj4xrc03wbz1g5ydftxk1tmjpfxp58oq505cp8z7pcc1z960vil3aghvt6iol1pqsx6eo2lvrivn9s3feeuntv:latest/table_key.table.json", "path": "media/table/table_key_539_a2a6ca80f47b081ef40a.table.json", "ncols": 5, "nrows": 431}, "_timestamp": 1660652745, "_runtime": 1503, "_step": 540, "learning rate/pg1": 0.0007431945518763796, "learning rate/pg2": 0.0007431945518763796, "trainer/global_step": 6029, "loss": 0.25288593769073486, "epoch": 29, "em_score": 0.05104408413171768, "f1_score": 0.16225653886795044, "_wandb": {"runtime": 1503}}