{"table_key": {"_type": "table-file", "sha256": "1ca7fed830f266f0e4f4a9948e6481059bdc58edf73ad10371110e015dd0c4bc", "size": 49435, "artifact_path": "wandb-client-artifact://hog2zzs9iajxaz2i1dlkepnbo8boqhmyyia2dvwazqew99x993z7mnfups9kzyd8k2bbchuyp3zmxc4fnl3vt34so4mthbpam53gs4qizrh1en1qy8mkp0bs1ag4gk4n:latest/table_key.table.json", "_latest_artifact_path": "wandb-client-artifact://hog2zzs9iajxaz2i1dlkepnbo8boqhmyyia2dvwazqew99x993z7mnfups9kzyd8k2bbchuyp3zmxc4fnl3vt34so4mthbpam53gs4qizrh1en1qy8mkp0bs1ag4gk4n:latest/table_key.table.json", "path": "media/table/table_key_277_1ca7fed830f266f0e4f4.table.json", "ncols": 5, "nrows": 410}, "_timestamp": 1661543656.3568645, "_runtime": 872.7535684108734, "_step": 278, "learning rate/pg1": 4e-07, "learning rate/pg2": 4e-07, "trainer/global_step": 4449, "loss": 2.519835948944092, "epoch": 49, "em_score": {"max": 0.014634146355092525}, "f1_score": {"max": 0.1833830624818802}, "_wandb": {"runtime": 873}}