{"table_key": {"_type": "table-file", "sha256": "95f853b19f8d208ab485bca3ad4c68d11d403a7782778613d0ce35e39d756bd5", "size": 496628, "artifact_path": "wandb-client-artifact://mayecl8xk37prov8qgifacypwbydaqe209n0ssy639bh4342itud4vuwiosbpsqfisz0nozesb3zwjlfsmkqzrgucva87cvrydeapll36dpabdf4da9nj6o0jxjhpd00:latest/table_key.table.json", "_latest_artifact_path": "wandb-client-artifact://mayecl8xk37prov8qgifacypwbydaqe209n0ssy639bh4342itud4vuwiosbpsqfisz0nozesb3zwjlfsmkqzrgucva87cvrydeapll36dpabdf4da9nj6o0jxjhpd00:latest/table_key.table.json", "path": "media/table/table_key_395_95f853b19f8d208ab485.table.json", "ncols": 5, "nrows": 4124}, "_timestamp": 1661865157.2791734, "_runtime": 4676.305472373962, "_step": 396, "learning rate/pg1": 1.0480272873146615e-07, "learning rate/pg2": 1.0480272873146615e-07, "trainer/global_step": 8939, "loss": 0.1972026526927948, "epoch": 19, "em_score": {"max": 0.0606207549571991}, "f1_score": {"max": 0.17795193195343018}, "_wandb": {"runtime": 4676}}