{"table_key": {"_type": "table-file", "sha256": "b8939b179af142a5a3687fa2fc22141bc347ffc71616b3458d667320e4e5b1db", "size": 49626, "artifact_path": "wandb-client-artifact://bj7vj86alwk8h7y7s697j0346otwzia1jf0ffrarofiktwqw2k0vo8g7tbex70jzmiqju3wep02phu21rnxt4xguoojcqpqcwzihz6tymflydix6jxem198vyan15v4r:latest/table_key.table.json", "_latest_artifact_path": "wandb-client-artifact://bj7vj86alwk8h7y7s697j0346otwzia1jf0ffrarofiktwqw2k0vo8g7tbex70jzmiqju3wep02phu21rnxt4xguoojcqpqcwzihz6tymflydix6jxem198vyan15v4r:latest/table_key.table.json", "path": "media/table/table_key_165_b8939b179af142a5a368.table.json", "ncols": 5, "nrows": 410}, "_timestamp": 1661987236.7849898, "_runtime": 548.3170819282532, "_step": 166, "learning rate/pg1": 2.865130430430203e-07, "learning rate/pg2": 2.865130430430203e-07, "trainer/global_step": 2669, "loss": 0.07393518835306168, "epoch": 29, "em_score": {"max": 0.07073170691728592}, "f1_score": {"max": 0.21039710938930511}, "_wandb": {"runtime": 549}}