{"table_key": {"_type": "table-file", "sha256": "dfdd3b89e19c8d66df166abd2a851cd52719f552e530b4f2f25a3f196532cc82", "size": 489229, "artifact_path": "wandb-client-artifact://10764456ta2b7qk0wj237c6lnzf9xt5x43lcmjskcwq97lu91f482luceq0l97i0hw3wh6ott97pbpwzjp6g0zr566q7wdbclm2fr3r0h76u0n468arsbi0kg1atxu66:latest/table_key.table.json", "_latest_artifact_path": "wandb-client-artifact://10764456ta2b7qk0wj237c6lnzf9xt5x43lcmjskcwq97lu91f482luceq0l97i0hw3wh6ott97pbpwzjp6g0zr566q7wdbclm2fr3r0h76u0n468arsbi0kg1atxu66:latest/table_key.table.json", "path": "media/table/table_key_1379_dfdd3b89e19c8d66df16.table.json", "ncols": 5, "nrows": 5037}, "_timestamp": 1660916710.0215864, "_runtime": 5714.3546833992, "_step": 1380, "learning rate/pg1": 4e-08, "learning rate/pg2": 4e-08, "trainer/global_step": 32999, "loss": 0.3743985891342163, "epoch": 29, "em_score": {"max": 0.05300774425268173}, "f1_score": {"max": 0.16590052843093872}, "_wandb": {"runtime": 5714}}