{"table_key": {"_type": "table-file", "sha256": "ae62ac131a6cec8f4d5e0bc4ddc4c3e2ae983cf3bf8a9092ca822b8e1653e625", "size": 51267, "artifact_path": "wandb-client-artifact://sf9v77mmi1azjpsw51xf3fijwj2v2gk4wtfn81bqko1dpfnumllgb0r90dv32o3ai3iqw70klmhkf2g06pfr4dgrfrushl7yyfjam6bg7xkof5vctp2bo88c016453n8:latest/table_key.table.json", "_latest_artifact_path": "wandb-client-artifact://sf9v77mmi1azjpsw51xf3fijwj2v2gk4wtfn81bqko1dpfnumllgb0r90dv32o3ai3iqw70klmhkf2g06pfr4dgrfrushl7yyfjam6bg7xkof5vctp2bo88c016453n8:latest/table_key.table.json", "path": "media/table/table_key_165_ae62ac131a6cec8f4d5e.table.json", "ncols": 5, "nrows": 410}, "_timestamp": 1660814466, "_runtime": 1466, "_step": 166, "learning rate/pg1": 2.8651304304302033e-08, "learning rate/pg2": 2.8651304304302033e-08, "trainer/global_step": 2669, "loss": 0.9384726285934448, "epoch": 29, "em_score": {"max": 0.08292683213949203}, "f1_score": {"max": 0.22630900144577026}, "_wandb": {"runtime": 1448}}