{"table_key": {"_type": "table-file", "sha256": "d5cfb4bb30a6508a04301b7a9a4bcba3162e256b13759036ceb4bf48d8fb94ae", "size": 609563, "artifact_path": "wandb-client-artifact://x8oipffieq4txes8dsxc577ohzlmvh2cwq3w04cowycme66o518ri8971due10cootmpa6i83559068o9jen7ae94vwolpsf3yzcdychr9pd4l3j13mf48fix0cut3tr:latest/table_key.table.json", "_latest_artifact_path": "wandb-client-artifact://x8oipffieq4txes8dsxc577ohzlmvh2cwq3w04cowycme66o518ri8971due10cootmpa6i83559068o9jen7ae94vwolpsf3yzcdychr9pd4l3j13mf48fix0cut3tr:latest/table_key.table.json", "path": "media/table/table_key_2275_d5cfb4bb30a6508a0430.table.json", "ncols": 5, "nrows": 5037}, "_timestamp": 1660337681, "_runtime": 8021, "_step": 2276, "learning rate/pg1": 0.0007411885753303687, "learning rate/pg2": 0.0007411885753303687, "trainer/global_step": 28187, "loss": 0.1294524371623993, "epoch": 11, "em_score": 0.053404804319143295, "f1_score": 0.1733802706003189, "_wandb": {"runtime": 8019}}