{"table_key": {"_type": "table-file", "sha256": "7832963ae04de35e803cc33321d95d7045747432a0707193f61051e0ba1402e9", "size": 502687, "artifact_path": "wandb-client-artifact://k1rv3nvsjjang6hciwt629wui8qaso2a0ioe1h3vjo59setaae3vrntk5akxnf8oxx9j9dx3137je2jdt0xojrf57w75zgrefib4x493g49wgekjf8kuu1t55uwshd1f:latest/table_key.table.json", "_latest_artifact_path": "wandb-client-artifact://k1rv3nvsjjang6hciwt629wui8qaso2a0ioe1h3vjo59setaae3vrntk5akxnf8oxx9j9dx3137je2jdt0xojrf57w75zgrefib4x493g49wgekjf8kuu1t55uwshd1f:latest/table_key.table.json", "path": "media/table/table_key_395_7832963ae04de35e803c.table.json", "ncols": 5, "nrows": 4124}, "_timestamp": 1661823762.0198753, "_runtime": 7953.611743211746, "_step": 396, "learning rate/pg1": 3.1440818619439846e-07, "learning rate/pg2": 3.1440818619439845e-08, "trainer/global_step": 8939, "loss": 1.9231983423233032, "epoch": 19, "em_score": {"max": 0.03928225114941597}, "f1_score": {"max": 0.1815069615840912}, "_wandb": {"runtime": 7955}}