{"table_key": {"_type": "table-file", "sha256": "e732c076d1fdcf7686209f038e4fa5c2576c77242e9b90fc830dad08789d4d98", "size": 73425, "artifact_path": "wandb-client-artifact://16hmentl8um5nvbduq7h926oss93nzvieok39hjk8raym6jfqqelq7sklv16sf8w4puad9f97eb88wwkihisaeq4yviunku0tyc2n18dukmmu24eosy0u9yjq5936zs7:latest/table_key.table.json", "_latest_artifact_path": "wandb-client-artifact://16hmentl8um5nvbduq7h926oss93nzvieok39hjk8raym6jfqqelq7sklv16sf8w4puad9f97eb88wwkihisaeq4yviunku0tyc2n18dukmmu24eosy0u9yjq5936zs7:latest/table_key.table.json", "path": "media/table/table_key_499_e732c076d1fdcf768620.table.json", "ncols": 5, "nrows": 410}, "_timestamp": 1661932585.2297432, "_runtime": 1945.3063342571259, "_step": 500, "learning rate/pg1": 1.1848303126162098e-08, "learning rate/pg2": 1.1848303126162098e-08, "trainer/global_step": 8009, "loss": 0.28075504302978516, "epoch": 89, "em_score": {"max": 0.009756097570061684}, "f1_score": {"max": 0.1783244013786316}, "_wandb": {"runtime": 1945}}