{"table_key": {"_type": "table-file", "sha256": "62169691b42aca743bc57d82792806dab7474e7f8928f2c5d58510de8bcf2d2c", "size": 50930, "artifact_path": "wandb-client-artifact://pmxfnjdt6qwt8a7c8oajitvr216v7ntxciv1flergkmur44w44asxs3v1cd9nsx7dii304u7d7z2xqz4mjipnaitmdzeph8fz0dp956qra6uwc2n9vkhuxvj83e8x084:latest/table_key.table.json", "_latest_artifact_path": "wandb-client-artifact://pmxfnjdt6qwt8a7c8oajitvr216v7ntxciv1flergkmur44w44asxs3v1cd9nsx7dii304u7d7z2xqz4mjipnaitmdzeph8fz0dp956qra6uwc2n9vkhuxvj83e8x084:latest/table_key.table.json", "path": "media/table/table_key_277_62169691b42aca743bc5.table.json", "ncols": 5, "nrows": 410}, "_timestamp": 1661499418.9940453, "_runtime": 998.5638513565063, "_step": 278, "learning rate/pg1": 1.2e-08, "learning rate/pg2": 3.9999999999999996e-10, "trainer/global_step": 4449, "loss": 0.7977224588394165, "epoch": 49, "em_score": {"max": 0.08048780262470245}, "f1_score": {"max": 0.22509309649467468}, "_wandb": {"runtime": 998}}