{"table_key": {"_type": "table-file", "sha256": "ac09ae1c30c2453da11e657197226ae56d41e75b196d86e0757882d920b3c0cd", "size": 51213, "artifact_path": "wandb-client-artifact://huc1lytdc51z2ckwd496trweikxpysc9warpdjops9h532xbqwvtw8tc9w5jt3cofilnxhuju9f5pcuo1hqlvzlw0rr9pi6tfohfxejqc1o4l1uyei75be9fhpr82rty:latest/table_key.table.json", "_latest_artifact_path": "wandb-client-artifact://huc1lytdc51z2ckwd496trweikxpysc9warpdjops9h532xbqwvtw8tc9w5jt3cofilnxhuju9f5pcuo1hqlvzlw0rr9pi6tfohfxejqc1o4l1uyei75be9fhpr82rty:latest/table_key.table.json", "path": "media/table/table_key_111_ac09ae1c30c2453da11e.table.json", "ncols": 5, "nrows": 410}, "_timestamp": 1660808937, "_runtime": 503, "_step": 112, "em_score": {"max": 0.09268292784690857}, "f1_score": {"max": 0.23531639575958252}, "epoch": 29, "trainer/global_step": 1319, "learning rate/pg1": 1.1595445988449453e-07, "learning rate/pg2": 1.1595445988449453e-07, "loss": 1.0371981859207153, "_wandb": {"runtime": 502}}