{"table_key": {"_type": "table-file", "sha256": "ddf8ac9ae735a65dbbf0a9fc9d6d3ec1aec225ab9ccd1b4a608449341f816405", "size": 49956, "artifact_path": "wandb-client-artifact://32iu7skk2k10pcnz6s5q7mmvlawbqdaezdofubtqtun1c3ogczg9hs8zakh10xj5m38w2cprs9p54h1b9kdgpyvn625xfdkouplgrdsg3h9iwlvslbbwlig483suacd0:latest/table_key.table.json", "_latest_artifact_path": "wandb-client-artifact://32iu7skk2k10pcnz6s5q7mmvlawbqdaezdofubtqtun1c3ogczg9hs8zakh10xj5m38w2cprs9p54h1b9kdgpyvn625xfdkouplgrdsg3h9iwlvslbbwlig483suacd0:latest/table_key.table.json", "path": "media/table/table_key_187_ddf8ac9ae735a65dbbf0.table.json", "ncols": 5, "nrows": 410}, "_timestamp": 1661511300.52802, "_runtime": 748.79416680336, "_step": 188, "em_score": {"max": 0.017073171213269234}, "f1_score": {"max": 0.19540907442569733}, "epoch": 49, "trainer/global_step": 2199, "learning rate/pg1": 1.1999999999999998e-09, "learning rate/pg2": 1.1999999999999998e-09, "loss": 1.9157205820083618, "_wandb": {"runtime": 751}}