{"learning rate/pg1": 0.0007481620603948897, "learning rate/pg2": 0.0007481620603948897, "trainer/global_step": 1499, "_timestamp": 1659698490, "_runtime": 636, "_step": 119, "loss": 0.7183661460876465, "epoch": 7, "_wandb": {"runtime": 658}}