{"table_key": {"_type": "table-file", "sha256": "51e2f0117376a938a6a2acc9df0711d023bc74d03f6fc4fa7594a6e5a2be7da5", "size": 50144, "artifact_path": "wandb-client-artifact://19p54uqcvigrmb1k32g5rp0l959ng8i44v91tmmwr6k913l7c1gn0t7x87jwbny4s5694ev3qoha9aoqsnw6h3onmwfxnnoklir51kj1bnvlyskxy1p6n63a203k72oa:latest/table_key.table.json", "_latest_artifact_path": "wandb-client-artifact://19p54uqcvigrmb1k32g5rp0l959ng8i44v91tmmwr6k913l7c1gn0t7x87jwbny4s5694ev3qoha9aoqsnw6h3onmwfxnnoklir51kj1bnvlyskxy1p6n63a203k72oa:latest/table_key.table.json", "path": "media/table/table_key_137_51e2f0117376a938a6a2.table.json", "ncols": 5, "nrows": 410}, "_timestamp": 1660290219, "_runtime": 484, "_step": 138, "learning rate/pg1": 0.0007481620603948897, "learning rate/pg2": 0.0007481620603948897, "trainer/global_step": 1528, "loss": 0.6603033542633057, "epoch": 7, "em_score": 0.060975611209869385, "f1_score": 0.19302807748317719, "_wandb": {"runtime": 483}}