{"table_key": {"_type": "table-file", "sha256": "9972297b4845ae9a5ee7ebaaaff76659101a6f86347eb33fd0c34ec42d43088c", "size": 81247, "artifact_path": "wandb-client-artifact://62t5s8wcd73lucglsp2p8j0qo0hzv8qznyybzi4eir0egy91ppcvfve612q22tnugn47qov1a3jfk6tjxomitubi5vgfl3fu0c6br7yzagy9ugujatnmcbdcmm63xcti:latest/table_key.table.json", "_latest_artifact_path": "wandb-client-artifact://62t5s8wcd73lucglsp2p8j0qo0hzv8qznyybzi4eir0egy91ppcvfve612q22tnugn47qov1a3jfk6tjxomitubi5vgfl3fu0c6br7yzagy9ugujatnmcbdcmm63xcti:latest/table_key.table.json", "path": "media/table/table_key_499_9972297b4845ae9a5ee7.table.json", "ncols": 5, "nrows": 410}, "_timestamp": 1661932743.9367144, "_runtime": 2568.3386545181274, "_step": 500, "learning rate/pg1": 1.1848303126162098e-08, "learning rate/pg2": 1.1848303126162098e-08, "trainer/global_step": 8009, "loss": 0.02070021815598011, "epoch": 89, "em_score": {"max": 0.014634146355092525}, "f1_score": {"max": 0.19297534227371216}, "_wandb": {"runtime": 2568}}