{"table_key": {"_type": "table-file", "sha256": "9273cb0d3991c92913cf862dd457bfc6df1947a2be15b9edb84254d381051f62", "size": 598117, "artifact_path": "wandb-client-artifact://11h345hsptv7zuiqg3itcg738bkpfgs821s4p3qv24uggpcgkii0tqjhnsedi0vj9fep8a0t91fkqlqsjnjkmcc0xxzatryzp7cn9qfcq9l1qul85hpzpmngf5zqi20s:latest/table_key.table.json", "_latest_artifact_path": "wandb-client-artifact://11h345hsptv7zuiqg3itcg738bkpfgs821s4p3qv24uggpcgkii0tqjhnsedi0vj9fep8a0t91fkqlqsjnjkmcc0xxzatryzp7cn9qfcq9l1qul85hpzpmngf5zqi20s:latest/table_key.table.json", "path": "media/table/table_key_2299_9273cb0d3991c92913cf.table.json", "ncols": 5, "nrows": 5037}, "_timestamp": 1661520038.8344758, "_runtime": 18821.637450695038, "_step": 2300, "learning rate/pg1": 4e-09, "learning rate/pg2": 4e-09, "trainer/global_step": 54999, "loss": 0.6550989151000977, "epoch": 49, "em_score": {"max": 0.03732380270957947}, "f1_score": {"max": 0.17004543542861938}, "_wandb": {"runtime": 18821}}