{"table_key": {"_type": "table-file", "sha256": "94b87bdcec9df2dfaee6d0631e07107868a1c9a33a5df7f26a18deb3b56f063b", "size": 50270, "artifact_path": "wandb-client-artifact://11dzx9tj4e2mk0ln3vengmf3jeyd1anf9fxk52hmesm5ftrdach8ml0oqp1wezh80b9fuhvylsli08m1fl7o8n96iw3brcgsltihxe1qlbx2qr0jl98zzia7jx83d81b:latest/table_key.table.json", "_latest_artifact_path": "wandb-client-artifact://11dzx9tj4e2mk0ln3vengmf3jeyd1anf9fxk52hmesm5ftrdach8ml0oqp1wezh80b9fuhvylsli08m1fl7o8n96iw3brcgsltihxe1qlbx2qr0jl98zzia7jx83d81b:latest/table_key.table.json", "path": "media/table/table_key_277_94b87bdcec9df2dfaee6.table.json", "ncols": 5, "nrows": 410}, "_timestamp": 1661506274.0720837, "_runtime": 1682.3118977546692, "_step": 278, "learning rate/pg1": 1.2e-08, "learning rate/pg2": 1.2e-08, "trainer/global_step": 4449, "loss": 1.5914429426193237, "epoch": 49, "em_score": {"max": 0.05609755963087082}, "f1_score": {"max": 0.2178994119167328}, "_wandb": {"runtime": 1702}}