{"table_key": {"_type": "table-file", "sha256": "e3610074c587b6eb8cff40e0ed4c179fbaf8d91b7f56c4b629bd5cf1de48dece", "size": 50550, "artifact_path": "wandb-client-artifact://qkw65j0ogqk4xbfz334vkjddqoc7n26h9xse4ngyovkthg4ngtj2noxbd2gyc8mgjujnja8q04eciqmwlx7rnj65t8u2gbe34m8481dl5pvk3ju0m9bm9jtpaee6krie:latest/table_key.table.json", "_latest_artifact_path": "wandb-client-artifact://qkw65j0ogqk4xbfz334vkjddqoc7n26h9xse4ngyovkthg4ngtj2noxbd2gyc8mgjujnja8q04eciqmwlx7rnj65t8u2gbe34m8481dl5pvk3ju0m9bm9jtpaee6krie:latest/table_key.table.json", "path": "media/table/table_key_499_e3610074c587b6eb8cff.table.json", "ncols": 5, "nrows": 410}, "_timestamp": 1661235159.5464597, "_runtime": 1400.0067236423492, "_step": 500, "learning rate/pg1": 1.18483031261621e-07, "learning rate/pg2": 1.18483031261621e-07, "trainer/global_step": 8009, "loss": 1.9745508432388306, "epoch": 89, "em_score": {"max": 0.05609755963087082}, "f1_score": {"max": 0.2196429967880249}, "_wandb": {"runtime": 1405}}