{"table_key": {"_type": "table-file", "sha256": "a5ec7670a652d130c3918979d5429cfd6284aa1f4b5e1ad360c33eb49e1b9aaf", "size": 606364, "artifact_path": "wandb-client-artifact://187ypqwot5mksdjybs2dx0e25oqz83rcbdg1nf7bnwr0oe6kr0mp91yoonuqpvynbd1migfay1t6bcqf0lf7o59c0yhrvbu4ehyo7hwypspwotkzw5hi9kawt3evx13c:latest/table_key.table.json", "_latest_artifact_path": "wandb-client-artifact://187ypqwot5mksdjybs2dx0e25oqz83rcbdg1nf7bnwr0oe6kr0mp91yoonuqpvynbd1migfay1t6bcqf0lf7o59c0yhrvbu4ehyo7hwypspwotkzw5hi9kawt3evx13c:latest/table_key.table.json", "path": "media/table/table_key_247_a5ec7670a652d130c391.table.json", "ncols": 5, "nrows": 5037}, "_timestamp": 1660650677, "_runtime": 1486, "_step": 248, "learning rate/pg1": 0.00022358492570390552, "learning rate/pg2": 0.00022358492570390552, "trainer/global_step": 2935, "loss": 0.631595253944397, "epoch": 7, "em_score": 0.0623386949300766, "f1_score": 0.1681276261806488, "_wandb": {"runtime": 1486}}