{"table_key": {"_type": "table-file", "sha256": "d8d9eefcc8d07d80466b3968eba9e1ea010a0b5a0837cca13e87d5631a1fd375", "size": 50427, "artifact_path": "wandb-client-artifact://8p598zkx98qvi9myswvxa4syf2avbofdrrc4mjatybjfjx8wv7imoe91emxwj29qt0itri5m04adm6b7bm6nzw2ip15i09b1l70y4lnrh6o88ow4fgrw3y3qpxpm40rn:latest/table_key.table.json", "_latest_artifact_path": "wandb-client-artifact://8p598zkx98qvi9myswvxa4syf2avbofdrrc4mjatybjfjx8wv7imoe91emxwj29qt0itri5m04adm6b7bm6nzw2ip15i09b1l70y4lnrh6o88ow4fgrw3y3qpxpm40rn:latest/table_key.table.json", "path": "media/table/table_key_499_d8d9eefcc8d07d80466b.table.json", "ncols": 5, "nrows": 410}, "_timestamp": 1661927067.0085328, "_runtime": 1905.760074853897, "_step": 500, "learning rate/pg1": 1.1848303126162098e-08, "learning rate/pg2": 1.1848303126162098e-08, "trainer/global_step": 8009, "loss": 1.8245775699615479, "epoch": 89, "em_score": {"max": 0.04878048598766327}, "f1_score": {"max": 0.21365441381931305}, "_wandb": {"runtime": 1905}}