{"table_key": {"_type": "table-file", "sha256": "df2372e19b950587f28875510ee41e61a2c75f2d769cffba53f4a85c086a1f4c", "size": 53402, "artifact_path": "wandb-client-artifact://yvgkys88sxpndcgcmnra39gb6vdf4ki1e2o5qkdqdefrhjjwqk1bw8nka6t95nrp09uk9jaaczlnuhwlc2qeq65wh3a69rh2eriva79pwo85gai7g77vegs0fk6hnj2b:latest/table_key.table.json", "_latest_artifact_path": "wandb-client-artifact://yvgkys88sxpndcgcmnra39gb6vdf4ki1e2o5qkdqdefrhjjwqk1bw8nka6t95nrp09uk9jaaczlnuhwlc2qeq65wh3a69rh2eriva79pwo85gai7g77vegs0fk6hnj2b:latest/table_key.table.json", "path": "media/table/table_key_143_df2372e19b950587f288.table.json", "ncols": 5, "nrows": 431}, "_timestamp": 1660648992, "_runtime": 483, "_step": 144, "learning rate/pg1": 7.431945518763798e-05, "learning rate/pg2": 7.431945518763798e-05, "trainer/global_step": 1607, "loss": 1.7667629718780518, "epoch": 7, "em_score": 0.07192575186491013, "f1_score": 0.21097087860107422, "_wandb": {"runtime": 484}}