{"table_key": {"_type": "table-file", "sha256": "3edfc6fc4389a4cb73cb9b81bf08cf6c1d0ee3a1c5faa92d8c3e7a3db0e553e5", "size": 497727, "artifact_path": "wandb-client-artifact://50oe6dg0klydyyxqk350u9scgfqe4ql2sy7bolfammyd14x0r1q2h5d4yqi5i7rzohhxflxcqo1gkf54o1114vmwm3rl9i5if8z6ix68egq5q0z8kr7zpecqxc4yz0ks:latest/table_key.table.json", "_latest_artifact_path": "wandb-client-artifact://50oe6dg0klydyyxqk350u9scgfqe4ql2sy7bolfammyd14x0r1q2h5d4yqi5i7rzohhxflxcqo1gkf54o1114vmwm3rl9i5if8z6ix68egq5q0z8kr7zpecqxc4yz0ks:latest/table_key.table.json", "path": "media/table/table_key_395_3edfc6fc4389a4cb73cb.table.json", "ncols": 5, "nrows": 4124}, "_timestamp": 1661865586.311975, "_runtime": 4657.404599905014, "_step": 396, "learning rate/pg1": 1.0480272873146615e-07, "learning rate/pg2": 1.0480272873146615e-07, "trainer/global_step": 8939, "loss": 0.12653137743473053, "epoch": 19, "em_score": {"max": 0.05649854615330696}, "f1_score": {"max": 0.1765476018190384}, "_wandb": {"runtime": 4657}}