{"table_key": {"_type": "table-file", "sha256": "adf1355b689a70e4172bf764a65bed3800f8921eb530f86ccc167bfdd3f8089b", "size": 50425, "artifact_path": "wandb-client-artifact://zt03hhx7pgdccak5lgjz4pbm6bmms8sgo62enkzfn0ypomt6mq53uveq2xr85m8xat5biqgtcv67wdb4eacoi5nedq375soxeejjckxskwgvcprdz2w59q3j5ldspbdh:latest/table_key.table.json", "_latest_artifact_path": "wandb-client-artifact://zt03hhx7pgdccak5lgjz4pbm6bmms8sgo62enkzfn0ypomt6mq53uveq2xr85m8xat5biqgtcv67wdb4eacoi5nedq375soxeejjckxskwgvcprdz2w59q3j5ldspbdh:latest/table_key.table.json", "path": "media/table/table_key_111_adf1355b689a70e4172b.table.json", "ncols": 5, "nrows": 410}, "_timestamp": 1660892660.567434, "_runtime": 489.02261900901794, "_step": 112, "em_score": {"max": 0.0731707289814949}, "f1_score": {"max": 0.17789429426193237}, "epoch": 29, "trainer/global_step": 1319, "learning rate/pg1": 1.1595445988449453e-06, "learning rate/pg2": 1.1595445988449453e-06, "loss": 0.26302671432495117, "_wandb": {"runtime": 493}}