{"table_key": {"_type": "table-file", "sha256": "7f23ba0f952b3d428f7f73d748351d2be8cf36ec447e4cc8205aeb61d660346e", "size": 53633, "artifact_path": "wandb-client-artifact://atl4r1k82556ofopggzrtmevzhgcvesvi9lr7x75z889doapdgp5cub08ice6jfnnocv8y3fuzvx74e9i7ywbytwc9f8wwa6prlzfk93eda96pb52va2x521ponl3747:latest/table_key.table.json", "_latest_artifact_path": "wandb-client-artifact://atl4r1k82556ofopggzrtmevzhgcvesvi9lr7x75z889doapdgp5cub08ice6jfnnocv8y3fuzvx74e9i7ywbytwc9f8wwa6prlzfk93eda96pb52va2x521ponl3747:latest/table_key.table.json", "path": "media/table/table_key_135_7f23ba0f952b3d428f7f.table.json", "ncols": 5, "nrows": 446}, "_timestamp": 1660647422, "_runtime": 518, "_step": 136, "em_score": 0.05829596519470215, "f1_score": 0.15482084453105927, "epoch": 29, "trainer/global_step": 989, "learning rate/pg1": 0.0007520796009070295, "learning rate/pg2": 0.0007520796009070295, "loss": 0.4848317503929138, "_wandb": {"runtime": 517}}