{"em_score": 0.00416914839297533, "f1_score": 0.0353713259100914, "epoch": 0, "trainer/global_step": 0, "_timestamp": 1660263610, "_runtime": 43, "_step": 0, "_wandb": {"runtime": 43}}