{"table_key": {"_type": "table-file", "sha256": "7ea0c01b39225d200c930fb675c23016ace8e937e8fae3550d866b9bf2a88e0b", "size": 45778, "artifact_path": "wandb-client-artifact://1fcso90nembu6ny8rovlf6l7mkvdko6j0zq95d4qneb7357mzpckmbronm510d90hz6d7oc50ncgy28e984vz9l3g4om7t9fa1qy63lzjysssn3dtrz85yuwdm8h9xzp:latest/table_key.table.json", "_latest_artifact_path": "wandb-client-artifact://1fcso90nembu6ny8rovlf6l7mkvdko6j0zq95d4qneb7357mzpckmbronm510d90hz6d7oc50ncgy28e984vz9l3g4om7t9fa1qy63lzjysssn3dtrz85yuwdm8h9xzp:latest/table_key.table.json", "path": "media/table/table_key_15_7ea0c01b39225d200c93.table.json", "ncols": 5, "nrows": 410}, "_timestamp": 1661491443.6786218, "_runtime": 77.93750786781311, "_step": 18, "learning rate/pg1": 6.049389917090278e-05, "learning rate/pg2": 6.049389917090278e-05, "trainer/global_step": 299, "loss": 5.748342514038086, "epoch": 3, "em_score": {"max": 0.0}, "f1_score": {"max": 0.029973076656460762}}