{"table_key": {"_type": "table-file", "sha256": "7751e602e2e77502c627237530825706367a3675d0688eae3ae419672fcc5cd2", "size": 50517, "artifact_path": "wandb-client-artifact://q859in2wmrtrvsr6hhoiie4nd52rtd64l81gjgsouqgziz9bxi7wbg9txjlihtujoedst4fwiw2kzihvtacjd92dfavod09zl80ama5tpxvhbtqbg32dpkcwqqs450ya:latest/table_key.table.json", "_latest_artifact_path": "wandb-client-artifact://q859in2wmrtrvsr6hhoiie4nd52rtd64l81gjgsouqgziz9bxi7wbg9txjlihtujoedst4fwiw2kzihvtacjd92dfavod09zl80ama5tpxvhbtqbg32dpkcwqqs450ya:latest/table_key.table.json", "path": "media/table/table_key_165_7751e602e2e77502c627.table.json", "ncols": 5, "nrows": 410}, "_timestamp": 1660874220.6177194, "_runtime": 531.3558843135834, "_step": 166, "learning rate/pg1": 2.8651304304302033e-08, "learning rate/pg2": 2.8651304304302033e-08, "trainer/global_step": 2669, "loss": 1.2112525701522827, "epoch": 29, "em_score": {"max": 0.024390242993831635}, "f1_score": {"max": 0.11031854897737503}, "_wandb": {"runtime": 532}}