{"table_key": {"_type": "table-file", "sha256": "37a5e8ef74572151fc01d379cdfdd216c071a4b2df8a8865c74ab261b810dcd3", "size": 46846, "artifact_path": "wandb-client-artifact://hv85puqtviweutzl9jmxzdje3aii2e4ne7bthjkkg6n2y80sqnham5hk9x1ml7p00r36i7ttmmza96jaglnsub51ndt29sm0famcrc42iwe1k0bum5nu2wnavh9kiqb9:latest/table_key.table.json", "_latest_artifact_path": "wandb-client-artifact://hv85puqtviweutzl9jmxzdje3aii2e4ne7bthjkkg6n2y80sqnham5hk9x1ml7p00r36i7ttmmza96jaglnsub51ndt29sm0famcrc42iwe1k0bum5nu2wnavh9kiqb9:latest/table_key.table.json", "path": "media/table/table_key_203_37a5e8ef74572151fc01.table.json", "ncols": 5, "nrows": 410}, "_timestamp": 1660298856, "_runtime": 599, "_step": 204, "learning rate/pg1": 0.0007481620603948897, "learning rate/pg2": 0.0007481620603948897, "trainer/global_step": 2291, "loss": 2.537522077560425, "epoch": 11, "em_score": 0.007317073177546263, "f1_score": 0.051701679825782776, "_wandb": {"runtime": 600}}