{"table_key": {"_type": "table-file", "sha256": "7e5b72535ee4ddba217c2d6300dad2cca8e3f0473b7b6ea6c35fb91a602e7126", "size": 601503, "artifact_path": "wandb-client-artifact://1501pdn1bwbp8l4rg9occp9thlbfsi15pihvcdeo3ga5q3yimqdxu1bne7q7ir795tza31g4i071jew0jr5k9nt0j14uhwkxbm906aa8jkf751qsjkgqv0kmdvlzdgg5:latest/table_key.table.json", "_latest_artifact_path": "wandb-client-artifact://1501pdn1bwbp8l4rg9occp9thlbfsi15pihvcdeo3ga5q3yimqdxu1bne7q7ir795tza31g4i071jew0jr5k9nt0j14uhwkxbm906aa8jkf751qsjkgqv0kmdvlzdgg5:latest/table_key.table.json", "path": "media/table/table_key_2299_7e5b72535ee4ddba217c.table.json", "ncols": 5, "nrows": 5037}, "_timestamp": 1661541872.900463, "_runtime": 18848.57616710663, "_step": 2300, "learning rate/pg1": 1.2e-08, "learning rate/pg2": 1.2e-08, "trainer/global_step": 54999, "loss": 0.7949935793876648, "epoch": 49, "em_score": {"max": 0.033551719039678574}, "f1_score": {"max": 0.16872914135456085}, "_wandb": {"runtime": 18854}}