{"table_key": {"_type": "table-file", "sha256": "fcef678c5ba6e02b9ec60e425e028f67a923a376666ff7d71505b547266fb12e", "size": 49698, "artifact_path": "wandb-client-artifact://ry6rvlxw70bgyk361tdf3qqc8en22wpz1k3izt3f760cous3g7q79pv217bxkv4axu39bnmvv0p35cn7a0r9heckummyzv1rdz9dx8afmkdlz34l3vzusq96nkd4ke3d:latest/table_key.table.json", "_latest_artifact_path": "wandb-client-artifact://ry6rvlxw70bgyk361tdf3qqc8en22wpz1k3izt3f760cous3g7q79pv217bxkv4axu39bnmvv0p35cn7a0r9heckummyzv1rdz9dx8afmkdlz34l3vzusq96nkd4ke3d:latest/table_key.table.json", "path": "media/table/table_key_499_fcef678c5ba6e02b9ec6.table.json", "ncols": 5, "nrows": 410}, "_timestamp": 1661942881.380532, "_runtime": 1427.118479013443, "_step": 500, "learning rate/pg1": 1.18483031261621e-09, "learning rate/pg2": 1.18483031261621e-09, "trainer/global_step": 8009, "loss": 2.224125623703003, "epoch": 89, "em_score": {"max": 0.02926829271018505}, "f1_score": {"max": 0.19664953649044037}, "_wandb": {"runtime": 1430}}