{"table_key": {"_type": "table-file", "sha256": "7fb2df224966342d89befc89f44dab4ebcd4a9e45b70032f8e709b586d872715", "size": 51253, "artifact_path": "wandb-client-artifact://4l00b60j83x51mpdxxk7plvr6slnas3xwlgcbfnowz8tis5ii584y54il7aow4x2aqiar2l7edo90hfvaand5syrtak4friuplhmgb4fetszn5557lmebljk6xoshayv:latest/table_key.table.json", "_latest_artifact_path": "wandb-client-artifact://4l00b60j83x51mpdxxk7plvr6slnas3xwlgcbfnowz8tis5ii584y54il7aow4x2aqiar2l7edo90hfvaand5syrtak4friuplhmgb4fetszn5557lmebljk6xoshayv:latest/table_key.table.json", "path": "media/table/table_key_165_7fb2df224966342d89be.table.json", "ncols": 5, "nrows": 410}, "_timestamp": 1660808044, "_runtime": 562, "_step": 166, "learning rate/pg1": 2.8651304304302033e-08, "learning rate/pg2": 2.8651304304302033e-08, "trainer/global_step": 2669, "loss": 0.9730451703071594, "epoch": 29, "em_score": {"max": 0.08292683213949203}, "f1_score": {"max": 0.23066239058971405}, "_wandb": {"runtime": 562}}