{"table_key": {"_type": "table-file", "sha256": "26032c348beea55168131cf3e9c9b95e437f0e1d8141cd54110f9fc19581c3fb", "size": 52734, "artifact_path": "wandb-client-artifact://74b3hvx56e76c6apezw9yar5bxky30s7kdec8u0k2fhqeioc7n2y3l75l3vicjcki6p9d8ekx85gu89cfcw3s533hhn410zbj25pxzfrhbezhru0lltf75hpr88z423t:latest/table_key.table.json", "_latest_artifact_path": "wandb-client-artifact://74b3hvx56e76c6apezw9yar5bxky30s7kdec8u0k2fhqeioc7n2y3l75l3vicjcki6p9d8ekx85gu89cfcw3s533hhn410zbj25pxzfrhbezhru0lltf75hpr88z423t:latest/table_key.table.json", "path": "media/table/table_key_143_26032c348beea5516813.table.json", "ncols": 5, "nrows": 431}, "_timestamp": 1660303767, "_runtime": 477, "_step": 144, "learning rate/pg1": 0.0007431945518763797, "learning rate/pg2": 0.0007431945518763797, "trainer/global_step": 1607, "loss": 0.6112748384475708, "epoch": 7, "em_score": 0.06264501065015793, "f1_score": 0.17059247195720673, "_wandb": {"runtime": 477}}