{"table_key": {"_type": "table-file", "sha256": "92eefa9d3935b77a06d51c3a19901c132c26f90990b589f083577ee6eefc9ddb", "size": 605450, "artifact_path": "wandb-client-artifact://wji5385v994lj3sk0ti4u8e5ya3g1470ad0dfpajx7lf79nnvs5sc3jj2tdcbr7ciy6tdb6o1apgktkbka9vfo6vap2m4z7m48xs5s5ctuh4kjsi201ah0bg7aynst4j:latest/table_key.table.json", "_latest_artifact_path": "wandb-client-artifact://wji5385v994lj3sk0ti4u8e5ya3g1470ad0dfpajx7lf79nnvs5sc3jj2tdcbr7ciy6tdb6o1apgktkbka9vfo6vap2m4z7m48xs5s5ctuh4kjsi201ah0bg7aynst4j:latest/table_key.table.json", "path": "media/table/table_key_1379_92eefa9d3935b77a06d5.table.json", "ncols": 5, "nrows": 5037}, "_timestamp": 1660916608.2995927, "_runtime": 5773.807284832001, "_step": 1380, "learning rate/pg1": 1.2e-08, "learning rate/pg2": 1.2e-08, "trainer/global_step": 32999, "loss": 0.038753096014261246, "epoch": 29, "em_score": {"max": 0.06333135068416595}, "f1_score": {"max": 0.1729794293642044}, "_wandb": {"runtime": 5773}}