{"table_key": {"_type": "table-file", "sha256": "92181d13de0c939a09b916ac8483d302e3ec31445571193837a05e6a5659dbce", "size": 51910, "artifact_path": "wandb-client-artifact://pmvyfi3nh93locasge8ht59mleqyqcy88qpu5gtcksb299ykegolt8k6ttm6j0wnonsslhza4pgal2d1notkvrua27kq0jepl4i5g8r2ddjhv8ffkpg1fdm2ricr6sjv:latest/table_key.table.json", "_latest_artifact_path": "wandb-client-artifact://pmvyfi3nh93locasge8ht59mleqyqcy88qpu5gtcksb299ykegolt8k6ttm6j0wnonsslhza4pgal2d1notkvrua27kq0jepl4i5g8r2ddjhv8ffkpg1fdm2ricr6sjv:latest/table_key.table.json", "path": "media/table/table_key_111_92181d13de0c939a09b9.table.json", "ncols": 5, "nrows": 410}, "_timestamp": 1660883115.7155492, "_runtime": 471.3959102630615, "_step": 112, "em_score": {"max": 0.039024390280246735}, "f1_score": {"max": 0.13346347212791443}, "epoch": 29, "trainer/global_step": 1319, "learning rate/pg1": 3.4786337965348356e-07, "learning rate/pg2": 3.4786337965348356e-07, "loss": 0.8016638159751892, "_wandb": {"runtime": 475}}