{"table_key": {"_type": "table-file", "sha256": "9410adb7901a07fb0949010972b205b92307a803b22592aec0ff1561ee48d4f2", "size": 607458, "artifact_path": "wandb-client-artifact://11rtjpuv89n9l2zvtb9zsli9rb8u6ugt6p31ca1fyh2b1dnbf2exn5h4m7wwmuayuf9hn7lyjs13rthywpn4msk06o68bizk10ibg021yrr2558x8ukier11i0a86tf6:latest/table_key.table.json", "_latest_artifact_path": "wandb-client-artifact://11rtjpuv89n9l2zvtb9zsli9rb8u6ugt6p31ca1fyh2b1dnbf2exn5h4m7wwmuayuf9hn7lyjs13rthywpn4msk06o68bizk10ibg021yrr2558x8ukier11i0a86tf6:latest/table_key.table.json", "path": "media/table/table_key_719_9410adb7901a07fb0949.table.json", "ncols": 5, "nrows": 5037}, "_timestamp": 1660878352.9374566, "_runtime": 4879.613167524338, "_step": 720, "learning rate/pg1": 3.9999999999999996e-10, "learning rate/pg2": 3.9999999999999996e-10, "trainer/global_step": 16499, "loss": 0.45834848284721375, "epoch": 29, "em_score": {"max": 0.06372840702533722}, "f1_score": {"max": 0.18842747807502747}, "_wandb": {"runtime": 4879}}