{"table_key": {"_type": "table-file", "sha256": "a05ccf9bc6aa831ce9fedccd776dc87ea5166629b619f54899ccbe674b407625", "size": 50635, "artifact_path": "wandb-client-artifact://13d37ld0k9i9un27g9i0w9szgadcgq89kmwfwdds0ekbtlbpxw8vbkbgs40jawyc4p271vim8pcu865gnipkfrepzu8y22l4bgo43z8jrb4ufwr2amy2pot9tfwm4poz:latest/table_key.table.json", "_latest_artifact_path": "wandb-client-artifact://13d37ld0k9i9un27g9i0w9szgadcgq89kmwfwdds0ekbtlbpxw8vbkbgs40jawyc4p271vim8pcu865gnipkfrepzu8y22l4bgo43z8jrb4ufwr2amy2pot9tfwm4poz:latest/table_key.table.json", "path": "media/table/table_key_111_a05ccf9bc6aa831ce9fe.table.json", "ncols": 5, "nrows": 410}, "_timestamp": 1660811535, "_runtime": 1150, "_step": 112, "em_score": {"max": 0.08292683213949203}, "f1_score": {"max": 0.2351367324590683}, "epoch": 29, "trainer/global_step": 1319, "learning rate/pg1": 3.4786337965348356e-07, "learning rate/pg2": 3.4786337965348356e-07, "loss": 0.531061053276062, "_wandb": {"runtime": 1149}}