{"table_key": {"_type": "table-file", "sha256": "a5cb0798e005c0198903af10213f66a34ba14cac6be92cf32ac11f6bfef2cdc2", "size": 50370, "artifact_path": "wandb-client-artifact://m3n28deq8zr7oav0hhi6ulsv90txeuzr53ck1f3bn8p5sdzpt08t2tzwg6ggdqilydjuqe4rbr3605l79sv69zoowndj1zfysxyujln6hudn37yhu1m7xow59ykofnp9:latest/table_key.table.json", "_latest_artifact_path": "wandb-client-artifact://m3n28deq8zr7oav0hhi6ulsv90txeuzr53ck1f3bn8p5sdzpt08t2tzwg6ggdqilydjuqe4rbr3605l79sv69zoowndj1zfysxyujln6hudn37yhu1m7xow59ykofnp9:latest/table_key.table.json", "path": "media/table/table_key_165_a5cb0798e005c0198903.table.json", "ncols": 5, "nrows": 410}, "_timestamp": 1661987748.017281, "_runtime": 540.2589800357819, "_step": 166, "learning rate/pg1": 2.865130430430203e-07, "learning rate/pg2": 2.865130430430203e-07, "trainer/global_step": 2669, "loss": 0.1047484278678894, "epoch": 29, "em_score": {"max": 0.06829268485307693}, "f1_score": {"max": 0.2127401977777481}, "_wandb": {"runtime": 543}}